Name,topics,Column,created on,Processed
Tools Make an Agent: From Zero to Assistant with ADK | Google Cloud Blog,,https://cloud.google.com/blog/topics/developers-practitioners/tools-make-an-agent-from-zero-to-assistant-with-adk,"September 18, 2025 6:43 AM",No
"Build a Gemini Full-Stack Research Agent with Agent Development Kit | by Debi Cabrera - Googler | Google Cloud - Community | Sep, 2025 | Medium",,https://medium.com/google-cloud/build-a-gemini-full-stack-research-agent-with-agent-development-kit-11192e8e9165,"September 17, 2025 6:37 PM",Yes
Stepping Out | The New Yorker,,https://www.newyorker.com/magazine/2014/06/30/stepping-out-3,"September 16, 2025 6:33 AM",Yes
GitHub - github/spec-kit: 💫 Toolkit to help you get started with Spec-Driven Development,,https://github.com/github/spec-kit?tab=readme-ov-file#-detailed-process,"September 12, 2025 6:21 AM",Yes
Highly recommend practical - Practical Deep Learning for Coders - Practical Deep Learning,,https://course.fast.ai/,"September 6, 2025 7:52 PM",Yes
101 real-world gen AI use cases with technical blueprints | Google Cloud Blog,,https://cloud.google.com/blog/products/ai-machine-learning/real-world-gen-ai-use-cases-with-technical-blueprints,"August 28, 2025 7:30 PM",Yes
A personal health large language model for sleep and fitness coaching | Nature Medicine,,https://www.nature.com/articles/s41591-025-03888-0,"August 14, 2025 4:54 PM",Yes
What is Digital Dementia and How to Overcome It | Amen Clinics Amen Clinics,,"https://www.amenclinics.com/blog/what-is-digital-dementia-and-how-to-overcome-it/#:~:text=Simply%20put%2C%20digital%20dementia%20describes,span%20that%20define%20digital%20dementia.","July 30, 2025 5:42 PM",Yes
"Simplify your Agent ""vibe building"" flow with ADK and Gemini CLI - Google Developers Blog",,https://developers.googleblog.com/en/simplify-agent-building-adk-gemini-cli/?trk=feed_main-feed-card_feed-article-content,"July 17, 2025 8:02 AM",Yes
How to Add a Tool to Your ADK Agent,,https://wietsevenema.eu/blog/2025/adding-a-tool-to-your-adk-agent/,"July 14, 2025 1:49 PM",Yes
"Anthony DeMello ""Awareness"" video clip Rediscovery of Life - Awareness by Anthony DeMello is a favorite book of Tim Ferriss, who has mentioned it quite often on his extremely popular podcast. (also by Eckhart Tolle and Naval Ravikant) : r/timferriss",,https://www.reddit.com/r/timferriss/comments/1lixjw6/anthony_demello_awareness_video_clip_rediscovery/,"July 7, 2025 8:26 AM",Yes
Built-in tools - Agent Development Kit,,https://google.github.io/adk-docs/tools/built-in-tools/,"June 28, 2025 8:50 AM",Yes
How to Get Stronger by Greasing the Groove | The Art of Manliness,,https://www.artofmanliness.com/health-fitness/fitness/get-stronger-by-greasing-the-groove/,"June 23, 2025 6:27 PM",Yes
Use A Work Journal To Recover Focus Faster And Clarify Your Thoughts,,https://fev.al/posts/work-journal/,"June 17, 2025 11:28 AM",Yes
Four Thousand Weeks,,https://fev.al/posts/four-thousand-weeks/,"June 17, 2025 11:27 AM",Yes
GitHub - google-gemini/gemini-fullstack-langgraph-quickstart: Get started with building Fullstack Agents using Gemini 2.5 and LangGraph,,https://github.com/google-gemini/gemini-fullstack-langgraph-quickstart,"June 6, 2025 8:28 PM",Yes
Acetylcholine: the chemical of focus & precision,,https://www.stretch-letter.com/p/acetylcholine-the-chemical-of-focus-precision,"May 23, 2025 12:45 PM",Yes
Use Google ADK and MCP with an external server | Google Cloud Blog,,https://cloud.google.com/blog/topics/developers-practitioners/use-google-adk-and-mcp-with-an-external-server,"May 16, 2025 12:15 PM",Yes
"Google ADK + Vertex AI Live API. Going Beyond the ADK CLI by Building… | by Sascha Heyer | Google Cloud - Community | May, 2025 | Medium",,https://medium.com/google-cloud/google-adk-vertex-ai-live-api-125238982d5e,"May 16, 2025 6:44 AM",Yes
GitHub - mlabonne/llm-course: Course to get into Large Language Models (LLMs) with roadmaps and Colab notebooks.,,https://github.com/mlabonne/llm-course,"May 12, 2025 3:24 PM",Yes
Very good article - Development Kit,,https://google.github.io/adk-docs/tutorials/agent-team/#conclusion-your-agent-team-is-ready,"May 8, 2025 7:42 PM",Yes
Aman's AI Journal • Primers • Ilya Sutskever's Top 30,,https://aman.ai/primers/ai/top-30-papers/,"May 4, 2025 6:29 PM",Yes
Building A LinkedIn Content Creation Agency Using Google’s Agent Development Kit,,https://intoai.pub/p/building-a-linkedin-content-creation,"April 18, 2025 6:27 PM",Yes
Gemini by example,,https://geminibyexample.com/,"April 13, 2025 6:35 PM",Yes
Digital hygiene | karpathy,,https://karpathy.bearblog.dev/digital-hygiene/,"April 7, 2025 7:49 AM",Yes
Too much efficiency makes everything worse: overfitting and the strong version of Goodhart’s law | Jascha’s blog,,http://sohl-dickstein.github.io/2022/11/06/strong-Goodhart.html,"April 7, 2025 7:45 AM",Yes
Talk with Azure using MCP,,https://github.com/jdubois/azure-cli-mcp,"April 4, 2025 6:54 AM",Yes
Multimodal Live API  |  Generative AI  |  Google Cloud,,https://cloud.google.com/vertex-ai/generative-ai/docs/model-reference/multimodal-live#capabilities,"April 3, 2025 7:31 PM",Yes
Frequently Asked Questions about My Writing Process,,https://eugeneyan.com/writing/writing-faq/,"April 2, 2025 10:17 AM",Yes
Voice Chat to Slides: My New AI-Powered Workflow - S Anand,,https://www.s-anand.net/blog/voice-chat-to-slides-my-new-ai-powered-workflow/,"March 31, 2025 10:45 AM",Yes
gemini-samples/examples/gemini-mcp-example.ipynb at main · philschmid/gemini-samples,,https://github.com/philschmid/gemini-samples/blob/main/examples/gemini-mcp-example.ipynb,"March 30, 2025 8:49 AM",Yes
"GitHub - NirDiamant/GenAI_Agents: This repository provides tutorials and implementations for various Generative AI Agent techniques, from basic to advanced. It serves as a comprehensive guide for building intelligent, interactive AI systems.",,https://github.com/NirDiamant/GenAI_Agents,"March 28, 2025 6:46 AM",Yes
Good Frontend prompt - Claude Designer is insane...Ultimate vibe coding UI workflow - YouTube,,https://www.youtube.com/watch?v=PLbwB5_HIdc,"March 26, 2025 8:12 PM",Yes
Pocketflow - VIBE CODE an AI Paul Graham! Here's My Secret Framework… - YouTube,,https://www.youtube.com/watch?v=Cf38Bi8U0Js&t=74s,"March 26, 2025 8:09 PM",Yes
Procreate hand drawn effect for presentations and videos https://youtube.com/watch?v=HlFpC4-F5QM&si=0sYgNy1tv_mUYZIR,,,"March 26, 2025 8:10 AM",Yes
"How to use Anthropic MCP Server with open LLMs, OpenAI or Google Gemini",,https://www.philschmid.de/mcp-example-llama?utm_source=chatgpt.com,"March 10, 2025 11:03 PM",Yes
krishnaik06/Roadmap-To-Learn-Generative-AI-In-2024,,https://github.com/krishnaik06/Roadmap-To-Learn-Generative-AI-In-2024,"March 3, 2025 10:38 PM",Yes
awesome-generative-ai-guide/interview_prep/60_gen_ai_questions.md at main · aishwaryanr/awesome-generative-ai-guide,,https://github.com/aishwaryanr/awesome-generative-ai-guide/blob/main/interview_prep/60_gen_ai_questions.md,"March 3, 2025 10:36 PM",Yes
break-into-data/ai-engineer-toolkit: Projects & Resources to help you become a better AI Developer.,,https://github.com/break-into-data/ai-engineer-toolkit,"March 3, 2025 10:34 PM",Yes
"NirDiamant/GenAI_Agents: This repository provides tutorials and implementations for various Generative AI Agent techniques, from basic to advanced. It serves as a comprehensive guide for building intelligent, interactive AI systems.",,https://github.com/NirDiamant/GenAI_Agents?tab=readme-ov-file,"March 3, 2025 10:32 PM",Yes
AI resource,,https://www.linkedin.com/feed/update/urn:li:activity:7302380629327781888,"March 3, 2025 10:31 PM",Yes
Building a AI Podcast Generator Inspired by Google’s NotebookLM and Illuminate | by Sascha Heyer | Google Cloud - Community | Medium,,https://medium.com/google-cloud/building-a-dynamic-podcast-generator-inspired-by-googles-notebooklm-and-illuminate-e585cfcd0af1,"March 2, 2025 9:45 AM",Yes
pipecat-ai/gemini-webrtc-web-simple: Gemini Multimodal Live + WebRTC in a single `app.ts`,,https://github.com/pipecat-ai/gemini-webrtc-web-simple,"February 27, 2025 5:46 AM",Yes
"Building a Real-Time Video Chat with Gemini 2.0, Gradio, and WebRTC 👀👂",,https://huggingface.co/blog/freddyaboulton/realtime-video-chat-with-gradio-webrtc,"February 27, 2025 5:44 AM",Yes
fastrtc (FastRTC),,https://huggingface.co/fastrtc,"February 27, 2025 5:22 AM",Yes
How citymeetings.nyc uses AI to make it easy to navigate city council meetings | Vikram Oberoi,,https://vikramoberoi.com/posts/how-citymeetings-nyc-uses-ai-to-make-it-easy-to-navigate-city-council-meetings/,"February 25, 2025 4:24 PM",Yes
birobirobiro/awesome-shadcn-ui: A curated list of awesome things related to shadcn/ui.,,https://github.com/birobirobiro/awesome-shadcn-ui,"February 12, 2025 6:40 AM",Yes
Really cool collection of UI components awesome-shadcn-ui,,https://awesome-shadcn-ui.vercel.app/,"February 12, 2025 6:39 AM",Yes
Diving into GCP’s BigQuery ML & AutoML Tables with Covid19 Big Data | by Thomas Jaensch | Medium,,https://medium.com/@tebugging/diving-into-gcps-bigquery-ml-automl-tables-with-covid19-big-data-3208b2a0d702,"January 26, 2025 8:34 AM",Yes
Agents - PydanticAI,,https://ai.pydantic.dev/agents/,"January 26, 2025 7:17 AM",Yes
generative-ai/open-models/serving/vertex_ai_ollama_gemma2_rag_agent.ipynb at main · GoogleCloudPlatform/generative-ai · GitHub,,https://github.com/GoogleCloudPlatform/generative-ai/blob/main/open-models/serving/vertex_ai_ollama_gemma2_rag_agent.ipynb,"January 26, 2025 7:17 AM",Yes
"Hey Ollama, how about running on Vertex AI? | by Ivan Nardini | Google Cloud - Community | Jan, 2025 | Medium",,https://medium.com/google-cloud/hey-ollama-how-about-running-on-vertex-ai-03cded7bfd0b,"January 26, 2025 7:17 AM",Yes
"GitHub - microsoft/generative-ai-for-beginners: 21 Lessons, Get Started Building with Generative AI 🔗 https://microsoft.github.io/generative-ai-for-beginners/",,https://github.com/microsoft/generative-ai-for-beginners,"January 25, 2025 7:46 AM",Yes
Object-Detection-using-Gemini/Object_Detection_Gemini.ipynb at main · NSTiwari/Object-Detection-using-Gemini · GitHub,,https://github.com/NSTiwari/Object-Detection-using-Gemini/blob/main/Object_Detection_Gemini.ipynb,"January 21, 2025 10:28 PM",Yes
Google Cloud AutoML Tables can help you do weeks of work in just days - YouTube,,https://www.youtube.com/watch?v=yPVc797kMyM,"January 21, 2025 2:26 PM",Yes
"LangChain, Gemini & MongoDB Chatbot Guide",,https://cckeh.hashnode.dev/building-chatbots-with-memory-capabilities-a-comprehensive-tutorial-with-langchain-langgraph-gemini-ai-and-mongodb,"January 20, 2025 11:21 AM",Yes
Understanding neural networks,,,"January 6, 2025 6:10 AM",Yes
A Simple 2021 Reboot — My Short Letter to a Friend Who Wants to Get In Shape - The Blog of Author Tim Ferriss,,https://tim.blog/2021/01/19/2021-reboot-letter-to-a-friend-who-wants-to-get-in-shape/,"January 4, 2025 4:50 AM",Yes
How I Built a Learning Machine - DEV Community,,https://dev.to/jbranchaud/how-i-built-a-learning-machine-45k9,"November 29, 2024 7:29 PM",Yes
** Reminder to keep creating ** The Gap by Ira Glass - YouTube,,https://www.youtube.com/watch?v=nfA9OH6dAQ8,"November 29, 2024 7:19 PM",Yes
🕯️ Mindful Moments - The Integral Guide to Well-Being,,https://integralguide.com/Mindful-Moments,"November 20, 2024 2:17 PM",Yes
Dr K's guide Obsidian Integral Guide - The Integral Guide to Well-Being,,https://integralguide.com/Integral-Guide-How-To,"November 20, 2024 2:15 PM",Yes
ReAct agents vs function calling agents,,https://www.leewayhertz.com/react-agents-vs-function-calling-agents/,"November 14, 2024 8:40 PM",Yes
lmarena-ai/chatbot-arena-leaderboard at main,,https://huggingface.co/spaces/lmarena-ai/chatbot-arena-leaderboard/tree/main,"November 12, 2024 8:23 PM",Yes
Tools Simon AI,,https://simonwillison.net/dashboard/tools/,"November 12, 2024 7:22 PM",Yes
Github-Ranking/Top100/Python.md at master · EvanLi/Github-Ranking · GitHub,,https://github.com/EvanLi/Github-Ranking/blob/master/Top100/Python.md,"November 12, 2024 2:59 PM",Yes
Timing is Everything – Even with your Food – Puru The Guru,,https://purutheguru.me/2016/06/15/timing-is-everything-even-with-your-food/,"November 10, 2024 8:13 AM",Yes
High Octane Fuel to 110 – Puru The Guru,,https://purutheguru.me/2020/06/24/high-octane-fuel-to-110/,"November 10, 2024 8:12 AM",Yes
Strength Training & Cardio – Puru The Guru,,https://purutheguru.me/2024/10/31/strength-training-cardio/,"November 10, 2024 8:11 AM",Yes
"What is Firebase? The complete story, abridged. | by Doug Stevenson | Firebase Developers | Medium",,https://medium.com/firebase-developers/what-is-firebase-the-complete-story-abridged-bcc730c5f2c0,"November 5, 2024 3:06 PM",Yes
generative-ai/gemini/use-cases/education/ai_quick_build_experience_backend.ipynb at main · GoogleCloudPlatform/generative-ai · GitHub,,https://github.com/GoogleCloudPlatform/generative-ai/blob/main/gemini/use-cases/education/ai_quick_build_experience_backend.ipynb?trk=feed-detail_comments-list_comment-text,"October 29, 2024 7:32 AM",Yes
Constant craving: how digital media turned us all into dopamine addicts | Life and style | The Guardian,,https://www.theguardian.com/global/2021/aug/22/how-digital-media-turned-us-all-into-dopamine-addicts-and-what-we-can-do-to-break-the-cycle,"October 24, 2024 4:20 PM",Yes
"I’m a huge fan of Claude’s Artifacts feature, which lets you prompt Claude to create an interactive Single Page App (using HTML, CSS and JavaScript) and then vi…
",,https://search.app/hAvtbGBLjGHWXa1o9,"October 21, 2024 10:00 PM",Yes
Transformer Explainer: LLM Transformer Model Visually Explained,,https://poloclub.github.io/transformer-explainer/,"October 20, 2024 7:51 PM",Yes
"Very cool compilation of LLM GenAI resources ",,https://www.linkedin.com/feed/update/urn:li:activity:7253724104619438080,"October 20, 2024 7:49 PM",Yes
"*very good* Understanding LLMs from scratch using middle school math | by Rohit Patel | Oct, 2024 | Medium",,https://rohit-patel.medium.com/understanding-llms-from-scratch-using-middle-school-math-e602d27ec876,"October 20, 2024 7:45 PM",Yes
Zone 2 .....A Comprehensive Look,,https://evokeendurance.com/zone-2-a-comprehensive-look/,"October 15, 2024 7:18 AM",Yes
Slow Breathing—breathe less for more focus and less stress,,https://www.stretch-letter.com/p/slow-breathing-breathe-less-for-more-focus-and-less-stress?_bhlid=165994ab4be13ca8c7b4729541d9014d9abbafb5&utm_campaign=slow-breathing-breathe-less-for-more-focus-and-less-stress&utm_medium=newsletter&utm_source=www.stretch-letter.com,"October 13, 2024 11:37 AM",No
How to keep sneakers white – Jess Keys,,https://jesskeys.com/how-to-keep-sneakers-white/,"October 11, 2024 11:01 PM",No
Practical Deep Learning for Coders - 1: Getting started,,https://course.fast.ai/Lessons/lesson1.html,"September 23, 2024 10:02 PM",Yes
GitHub - GoogleCloudPlatform/Open_Data_QnA: The Open Data QnA python library enables you to chat with your databases by leveraging LLM Agents on Google Cloud. Open Data QnA enables a conversational approach to interacting with your data.,,https://github.com/GoogleCloudPlatform/Open_Data_QnA?trk=feed_main-feed-card_feed-article-content,"September 18, 2024 9:00 AM",Yes
Ollama setup,,https://www.linkedin.com/feed/update/urn:li:activity:7241338694513627136,"September 16, 2024 7:30 AM",Yes
The Many Worlds of Enough,,https://moretothat.com/the-many-worlds-of-enough/,"September 16, 2024 7:23 AM",Yes
Council Post: Escaping The Prison Of Your Paycheck: How To Find Freedom And Fulfillment,,https://www.forbes.com/councils/forbescoachescouncil/2024/05/29/escaping-the-prison-of-your-paycheck-how-to-find-freedom-and-fulfillment/,"September 11, 2024 5:57 PM",Yes
NotebookLM now lets you listen to a conversation about your sources,,https://blog.google/technology/ai/notebooklm-audio-overviews/,"September 11, 2024 2:16 PM",Yes
Generate structured output with the Gemini API  |  Google AI for Developers,,https://ai.google.dev/gemini-api/docs/structured-output?lang=python,"September 10, 2024 11:22 AM",Yes
15-Minute Dumbbell Arm Workout for Bigger Biceps and Triceps,,https://www.menshealth.com/uk/building-muscle/g752112/upper-body-arm-workout/,"September 7, 2024 11:19 AM",Yes
Zwift Workout editor,,https://nene.github.io/workout-editor/,"September 5, 2024 1:39 PM",Yes
Integrating BigQuery with Anthropic’s Claude | Google Cloud Blog,,https://cloud.google.com/blog/products/data-analytics/integrating-bigquery-with-anthropics-claude,"September 4, 2024 6:18 PM",Yes
Gemini in BigQuery features are now GA | Google Cloud Blog,,https://cloud.google.com/blog/products/data-analytics/gemini-in-bigquery-features-are-now-ga,"September 4, 2024 6:18 PM",Yes
"Multimodel search using NLP, BigQuery and embeddings | Google Cloud Blog",,https://cloud.google.com/blog/products/data-analytics/multimodel-search-using-nlp-bigquery-and-embeddings,"September 4, 2024 6:51 AM",Yes
FoodData Central,,https://fdc.nal.usda.gov/fdc-app.html#/food-details/748967/nutrients,"September 2, 2024 8:59 AM",No
Advanced RAG Techniques: an Illustrated Overview | by IVAN ILIN | Towards AI,,https://pub.towardsai.net/advanced-rag-techniques-an-illustrated-overview-04d193d8fec6,"August 30, 2024 11:19 AM",No
Advanced RAG with Gemma and LangChain,,https://www.kaggle.com/code/habibadoum/advanced-rag-with-gemma-and-langchain,"August 30, 2024 11:19 AM",Yes
From 21kms to 6packs in 5 months - ankur Warikoo Official Website,,https://ankurwarikoo.com/from-21kms-to-6packs-in-5-months/,"August 28, 2024 8:49 PM",Yes
cookbook/quickstarts/Function_calling.ipynb at main · google-gemini/cookbook · GitHub,,https://github.com/google-gemini/cookbook/blob/main/quickstarts/Function_calling.ipynb,"August 21, 2024 7:06 AM",Yes
Give your ideas some legs: the positive effect of walking on creative thinking - PubMed,,https://pubmed.ncbi.nlm.nih.gov/24749966/,"August 17, 2024 11:16 AM",Yes
"From Zero to Hero: Building LLM Chains and Agents with Google DeepMind’s OneTwo OpenSource Toolkit. | by Olejniczak Lukasz | Jul, 2024 | AI Advances",,https://ai.gopubby.com/from-zero-to-hero-building-llm-chains-and-agents-with-google-deepminds-onetwo-opensource-toolkit-7d7b5cb6c8b7,"August 13, 2024 8:04 PM",Yes
ICMR guidelines for nutrition for indians,,https://main.icmr.nic.in/sites/default/files/upload_documents/DGI_07th_May_2024_fin.pdf,"July 2, 2024 7:06 PM",Yes
Learn RAG with Langchain 🦜⛓️‍💥 — Ragatouille,,https://www.sakunaharinda.xyz/ragatouille-book/intro.html,"July 1, 2024 5:08 PM",Yes
Supervision - Vision AI,,https://supervision.roboflow.com/latest/#quickstart,"June 14, 2024 6:28 PM",Yes
"Dan Harris on X: ""This stretch changed my life. Overused term, but true nonetheless. I would estimate a 60% reduction in lower back pain. But you have to do 8-30 mins per side, so being reading material. https://t.co/vaUryYd3c7"" / X",,https://x.com/danbharris/status/1792554911240012180,"May 20, 2024 10:31 AM",Yes
"The insula: an underestimated brain area in clinical neuroscience, psychiatry, and neurology - PMC",,https://www.ncbi.nlm.nih.gov/pmc/articles/PMC5538352/,"May 7, 2024 6:35 PM",Yes
"Centenarian Decathlon ",,https://twitter.com/bensmithlive/status/1787785445473947921,"May 7, 2024 1:25 PM",Yes
You Already Have Gold in that Ball of Dung | Buddhism.net,,https://buddhism.net/posts/buddhism-for-all/b406-you-already-have-gold-in-that-ball-of-dung/,"April 24, 2024 6:48 PM",Yes
"Not Mine, Not I, Not My Self | Buddhism.net",,https://buddhism.net/posts/buddhism-for-all/b405-not-mine-not-i-not-my-self/,"April 24, 2024 6:47 PM",Yes
Craving for Existence and Non-Existence | Buddhism.net,,https://buddhism.net/posts/buddhism-for-all/b404-craving-for-existence-and-non-existence/,"April 24, 2024 6:47 PM",Yes
Craving for Sensual Pleasure | Buddhism.net,,https://buddhism.net/posts/buddhism-for-all/b403-craving-for-sensual-pleasure/,"April 24, 2024 6:47 PM",Yes
Where Suffering Stops Being About Religion and Starts Being About Cause and Effect | Buddhism.net,,https://buddhism.net/posts/buddhism-for-all/b402-where-suffering-stops-being-about-religion-and-starts-being-about-cause-and-effect/,"April 24, 2024 6:47 PM",Yes
How to Stop a Bomb | Buddhism.net,,https://buddhism.net/posts/buddhism-for-all/b401-how-to-stop-a-bomb/,"April 24, 2024 6:47 PM",Yes
Abbot’s Commentary: Suffering is Not Inherent | Buddhism.net,,https://buddhism.net/posts/buddhism-for-all/b308-abbots-commentary-suffering-is-not-inherent/,"April 24, 2024 6:47 PM",Yes
How well do you know your autonomic nervous system?,,https://www.stretch-letter.com/p/well-know-autonomic-nervous-system,"April 24, 2024 5:32 PM",Yes
"Body-Based Productivity, Vision as a Productivity Tool, Running without Earphones",,https://www.stretch-letter.com/p/bodybased-productivity-vision-focus-tool,"April 24, 2024 1:10 PM",Yes
Turns Out You Didn’t Have to Order the Self-Destruct Option | Buddhism.net,,https://buddhism.net/posts/buddhism-for-all/b307-turns-out-you-didnt-have-to-order-the-self-destruct-option/,"April 21, 2024 7:32 AM",Yes
"Life is Not All Suffering, and That is a Problem | Buddhism.net",,https://buddhism.net/posts/buddhism-for-all/b306-life-is-not-all-suffering-and-that-is-a-problem/,"April 21, 2024 7:31 AM",Yes
Clinging Onto Aggregates is Like Grabbing Hold of Water | Buddhism.net,,https://buddhism.net/posts/buddhism-for-all/b305-clinging-onto-aggregates-is-like-grabbing-hold-of-water/,"April 21, 2024 7:31 AM",Yes
Where Do You Draw the Line on the Aggregates? | Buddhism.net,,https://buddhism.net/posts/buddhism-for-all/b304-where-do-you-draw-the-line-on-the-aggregates/,"April 21, 2024 7:31 AM",Yes
Five Aggregates | Buddhism.net,,https://buddhism.net/posts/buddhism-for-all/b303-five-aggregates/,"April 21, 2024 7:31 AM",Yes
Dukkha is Suffering-plus-plus | Buddhism.net,,https://buddhism.net/posts/buddhism-for-all/b302-dukkha-is-suffering-plus-plus/,"April 21, 2024 7:30 AM",Yes
Suffering An Extremely Lucky Birth | Buddhism.net,,https://buddhism.net/posts/buddhism-for-all/b301-suffering-an-extremely-lucky-birth/,"April 20, 2024 8:26 PM",Yes
Abbot’s Commentary: How the Buddha’s Story is Useful | Buddhism.net,,https://buddhism.net/posts/buddhism-for-all/b207-abbots-commentary-how-the-buddhas-story-is-useful/,"April 20, 2024 8:26 PM",Yes
The Buddha’s Findings: The Middle Way and The Four Noble Truths | Buddhism.net,,https://buddhism.net/posts/buddhism-for-all/b206-the-buddhas-findings-four-noble-truths/,"April 20, 2024 8:26 PM",Yes
When Mara Met Siddhattha | Buddhism.net,,https://buddhism.net/posts/buddhism-for-all/b205-when-mara-met-siddhattha/,"April 20, 2024 8:26 PM",Yes
"The Noble Search, Without Google | Buddhism.net",,https://buddhism.net/posts/buddhism-for-all/b204-the-noble-search-without-google/,"April 20, 2024 8:26 PM",Yes
Buddhism Frees You | Buddhism.net,,https://buddhism.net/posts/buddhism-for-all/b106-buddhism-frees-you/,"April 20, 2024 8:23 PM",Yes
A Secular Religion? Isn’t That Like a Joke? | Buddhism.net,,https://buddhism.net/posts/buddhism-for-all/b105-a-secular-religion-isnt-that-like-a-joke/,"April 20, 2024 8:23 PM",No
"Yes, Empiricism and Faith Can Play Together | Buddhism.net",,https://buddhism.net/posts/buddhism-for-all/b104-yes-empiricism-and-faith-can-play-together/,"April 20, 2024 8:23 PM",No
Buddhism is Seriously Cool With Science | Buddhism.net,,https://buddhism.net/posts/buddhism-for-all/b103-buddhism-is-seriously-cool-with-science/,"April 20, 2024 8:23 PM",No
Introduction to LLM Agents | NVIDIA Technical Blog,,https://developer.nvidia.com/blog/introduction-to-llm-agents/,"April 20, 2024 9:23 AM",No
Inflation & Dividend-Adjusted Stock Charts | Total Real Returns,,https://totalrealreturns.com/#why,"April 15, 2024 7:10 AM",No
Tool/function calling | 🦜️🔗 LangChain,,https://python.langchain.com/docs/modules/model_io/chat/function_calling/,"April 14, 2024 8:58 PM",No
Tool Calling with LangChain,,https://blog.langchain.dev/tool-calling-with-langchain/,"April 14, 2024 8:58 PM",No
How to Use LangChain to Build With LLMs – A Beginner's Guide,,https://www.freecodecamp.org/news/beginners-guide-to-langchain/,"April 13, 2024 7:25 PM",No
CrewAI Unleashed: Future of AI Agent Teams,,https://blog.langchain.dev/crewai-unleashed-future-of-ai-agent-teams/,"April 4, 2024 10:15 PM",No
Crew AI Crash Course (Step by Step) · Alejandro AO,,"https://alejandro-ao.com/crew-ai-crash-course-step-by-step/#:~:text=Define%20the%20goal%20of%20the%20crew,-%23&text=Remember%20that%2C%20when%20building%20applications,us%20prepare%20for%20a%20meeting.","April 4, 2024 10:14 PM",No
"LangChain Chat with Custom Tools, Functions and Memory | by gil fernandes | Medium",,https://medium.com/@gil.fernandes/langchain-chat-with-custom-tools-functions-and-memory-e34daa331aa7,"April 4, 2024 10:13 PM",No
LangChain — Custom Functions With OpenAI Functions | by Prince Krampah | Medium,,https://medium.com/@princekrampah/langchain-custom-functions-with-openai-functions-90e2deefd707,"April 4, 2024 10:12 PM",No
GitHub - MrSentinel137/crewai-gemini-pro-vision: AI Agents with Google's Gemini Pro and Gemini Pro Vision Models,,https://github.com/MrSentinel137/crewai-gemini-pro-vision,"April 3, 2024 9:46 AM",No
The Nothingness of Money,,https://moretothat.com/the-nothingness-of-money/,"April 2, 2024 10:46 AM",No
LangChain: Introduction and Getting Started | Pinecone,,https://www.pinecone.io/learn/series/langchain/langchain-intro/,"March 31, 2024 7:52 PM",No
"Vishal Misra on X: ""Video of my talk at MIT on LLMs. I go through the development of how they work step by step from first principles and explain a lot of empirical observations - do not talk about attention/transformers at all and is a fresh perspective on how/why LLMs work https://t.co/opb8YA2qbu"" / X",,https://twitter.com/vishalmisra/status/1774034125348901235,"March 30, 2024 2:52 PM",No
Extraction | 🦜️🔗 Langchain,,https://python.langchain.com/docs/use_cases/extraction/,"March 28, 2024 1:50 PM",No
The Terrible Costs of a Phone-Based Childhood - The Atlantic,,https://www.theatlantic.com/technology/archive/2024/03/teen-childhood-smartphone-use-mental-health-effects/677722/,"March 21, 2024 2:08 PM",No
Mta dataset samples Dodge the crowd,,https://new.mta.info/article/dodge-crowd,"March 14, 2024 5:56 PM",No
"With a baby on the way, Mansi Parikh @parikhmansi and Aditya Prasad had big plans for their first garden in 2021 until harsh weather and… | Instagram",,https://www.instagram.com/ctglinda/reel/C1uxqedN10P/,"March 12, 2024 9:11 PM",No
DSPy programming language for LLM intro.ipynb - Colaboratory,,https://colab.research.google.com/github/stanfordnlp/dspy/blob/main/intro.ipynb,"March 7, 2024 11:17 AM",No
Where is everybody on the subway going?,,https://new.mta.info/article/where-everybody-subway-going,"February 22, 2024 7:14 PM",No
"Serving Open Source LLMs on GKE using vLLM framework | by Rick(Rugui) Chen | Google Cloud - Community | Feb, 2024 | Medium",,https://medium.com/google-cloud/serving-open-source-llms-on-gke-using-vllm-framework-5e522b3679ee,"February 15, 2024 12:41 AM",No
Human-in-the-loop with OpenGPTs and LangGraph,,https://blog.langchain.dev/human-in-the-loop-with-opengpts-and-langgraph/,"February 9, 2024 5:55 AM",No
"India’s schoolteachers are drafting better lesson plans faster, thanks to a copilot  - Source Asia",,https://news.microsoft.com/source/asia/features/indias-schoolteachers-are-drafting-better-lesson-plans-faster-thanks-to-a-copilot/?trk=feed_main-feed-card_reshare_feed-article-content,"February 8, 2024 6:27 AM",No
A Few Thoughts on Spending Money · Collab Fund,,https://collabfund.com/blog/a-few-thoughts-on-spending-money/,"February 1, 2024 7:37 PM",No
MTA NYCT Express Bus Capacity: Beginning 2023 | State of New York,,https://data.ny.gov/Transportation/MTA-NYCT-Express-Bus-Capacity-Beginning-2023/4tpr-3bvc/about_data,"January 23, 2024 7:29 AM",No
It's 2 a.m. Do you know where your bus is?,,https://new.mta.info/article/its-2-am-do-you-know-where-your-bus,"January 23, 2024 7:29 AM",No
Displaying NYCT station accessibility and elevator,,https://new.mta.info/developers/display-elevators-NYCT,"January 23, 2024 7:26 AM",No
Big query langchain themlguy-tf/generative-ai: GCP Gen AI Playlist here,,https://github.com/themlguy-tf/generative-ai,"January 22, 2024 8:07 AM",No
Overview - Chainlit,,https://docs.chainlit.io/get-started/overview,"January 22, 2024 7:56 AM",No
LangChain AI Handbook | Pinecone,,https://www.pinecone.io/learn/series/langchain/,"January 22, 2024 7:03 AM",No
Research: Why Breathing Is So Effective at Reducing Stress,,https://hbr.org/2020/09/research-why-breathing-is-so-effective-at-reducing-stress?tpcc=orgsocial_edit&utm_campaign=hbr&utm_medium=social&utm_source=twitter,"January 21, 2024 8:44 PM",No
"In Praise of Idleness, by Bertrand Russell",,https://harpers.org/archive/1932/10/in-praise-of-idleness/,"January 21, 2024 9:06 AM",No
MTA_Bus_Tracker/get_bus_info_pak348.py at master · praveenashokkumar/MTA_Bus_Tracker,,https://github.com/praveenashokkumar/MTA_Bus_Tracker/blob/master/get_bus_info_pak348.py,"January 19, 2024 10:11 AM",No
Add Text-to-Speech to Your Web App with 5 Lines of Python Code | by Pavlo Sydorenko | Medium,,https://medium.com/@pavlo_sydorenko/add-text-to-speech-to-your-web-app-with-5-lines-of-python-code-8c4707f2dc93,"January 14, 2024 10:20 PM",No
openai_whisper/streamlit_whisper.py at main · EnkrateiaLucca/openai_whisper,,https://github.com/EnkrateiaLucca/openai_whisper/blob/main/streamlit_whisper.py,"January 14, 2024 10:17 PM",No
B4PT0R/streamlit-mic-recorder: Streamlit component allowing to record audio from the user's microphone and/or perform speech to text easily,,https://github.com/B4PT0R/streamlit-mic-recorder,"January 14, 2024 10:17 PM",No
Gemini-Chatbot-Interface-with-Streamlit/app_chat.py at main · ilhansevval/Gemini-Chatbot-Interface-with-Streamlit,,https://github.com/ilhansevval/Gemini-Chatbot-Interface-with-Streamlit/blob/main/app_chat.py,"January 13, 2024 5:23 AM",No
The Neuroscience of Mindfulness | HuffPost Life,,https://www.huffpost.com/entry/the-neuroscience-of-mindf_b_2908665,"January 10, 2024 6:10 PM",No
Function Calling with Gemini API and Google Apps | Appsbroker CTS Google Cloud Tech Blog,,https://medium.com/cts-technologies/genai-for-google-workspace-exploring-gemini-api-function-calling-with-google-apps-script-part-3-028785dafe3b,"January 9, 2024 3:45 PM",No
Vaman Dhauti Yoga Kriya - Simplified Hygiene Practice,,https://theyogainstitute.org/vaman-dhauti-yoga-kriya-simplified-hygiene-practice/,"January 9, 2024 8:17 AM",No
"Power of unwavering focus notes ",,,"January 4, 2024 9:15 PM",No
"Intro | Putting the ""You"" in CPU",,https://cpu.land/,"January 3, 2024 11:47 AM",No
Arnold full workout,,https://cdn.shopify.com/s/files/1/0831/3680/7208/files/Arnold_Workout_Guide_2024.pdf?v=1703785356,"January 1, 2024 6:25 PM",No
Announcing LangChain RAG Template Powered by Redis | Redis,,https://redis.com/blog/announcing-langchain-rag-template-powered-by-redis/,"December 19, 2023 10:50 PM",No
Gemini Document Search and Semantic Retrieval with Attributed Question Answering.ipynb - Colaboratory,,https://colab.research.google.com/drive/1RIDTmqj0JBVX8o7lDqLUAK9edwLwGxjF?usp=sharing,"December 17, 2023 2:51 PM",No
multimodal rag gemini pro,,https://github.com/GoogleCloudPlatform/generative-ai/blob/main/gemini/use-cases/retrieval-augmented-generation/intro_multimodal_rag.ipynb,"December 16, 2023 7:09 AM",No
g-emarco/advanced-rag,,https://github.com/g-emarco/advanced-rag,"December 13, 2023 6:51 AM",No
walk and talk | Derek Sivers,,https://sive.rs/wt,"December 12, 2023 6:21 AM",No
"Write SQL with natural language using Vertex AI and BigQuery | by Israel Herraiz | Google Cloud - Community | Nov, 2023 | Medium",,https://medium.com/google-cloud/write-sql-with-natural-language-using-vertex-ai-and-bigquery-c849559f8a5f,"December 11, 2023 6:21 AM",No
"Revolutionizing Web Scraping: A Leap Forward with Multimodal Language Models | by Somnath Banerjee | Dec, 2023 | Medium",,https://somnath-banerjee.medium.com/revolutionizing-web-scraping-a-leap-forward-with-multimodal-language-models-96485dd17f07,"December 10, 2023 9:03 PM",No
Write SQL with natural language using VerteX AI and BigQuery [solution].ipynb - Colaboratory,,https://colab.research.google.com/drive/1vL8QYCj42uQrMRkCbCvGOemQgmcnygqj?usp=sharing#scrollTo=Ti1xFJdMwyh5,"December 8, 2023 8:16 PM",No
AI for Beginners,,https://microsoft.github.io/AI-For-Beginners/,"December 7, 2023 10:10 AM",No
Indian Functional Training | Indian Strength Training | Tagda Raho,,https://www.tagdaraho.in/,"December 4, 2023 8:45 PM",No
Introduction | Ragas,,https://docs.ragas.io/en/latest/index.html,"November 30, 2023 3:22 PM",No
Examples | AutoGen,,https://microsoft.github.io/autogen/docs/Examples/,"November 30, 2023 3:22 PM",No
Deploy LangChain on Cloud Run with LangServe | Google Cloud Blog,,https://cloud.google.com/blog/products/ai-machine-learning/deploy-langchain-on-cloud-run-with-langserve,"November 29, 2023 6:54 PM",No
GenAI content,,https://www.linkedin.com/mwlite/feed/update/urn:li:activity:7135483869742456832,"November 29, 2023 4:57 AM",No
Little book of deep learning,,https://fleuret.org/public/lbdl.pdf,"November 26, 2023 12:13 PM",No
Andrej karpathy best intro to LLM https://youtube.com/watch?v=zjkBMFhNj_g&si=c4h40hoArqYsml3D,,,"November 23, 2023 12:20 PM",No
Strangest Loop - doing the thing,,https://strangestloop.io/essays/things-that-arent-doing-the-thing,"November 14, 2023 4:46 PM",No
The best book I read this year,,https://every.to/superorganizers/the-best-book-i-read-this-year?sid=27903,"November 13, 2023 7:11 AM",No
Zone 2 Training: Part 1—The Basics,,https://simplavida.com/zone-2-series-part-1/,"November 9, 2023 10:14 AM",No
"Thread by @rohit_jindal29, A list of interesting ideas shared by Sahil Lavingia (@shl):1/The primary function [...]",,https://twtext.com/article/1262601040748261379#,"November 8, 2023 12:13 PM",No
Giskard - Addressing hallucinations in LLM,,https://colab.research.google.com/github/giskard-ai/giskard/blob/main/docs/getting_started/quickstart/quickstart_llm.ipynb,"November 6, 2023 10:00 AM",No
GitHub - monktastic/blog,,https://github.com/monktastic/blog,"November 6, 2023 6:56 AM",No
Zero-shot adaptive prompting of large language models – Google Research Blog,,https://blog.research.google/2023/11/zero-shot-adaptive-prompting-of-large.html?m=1,"November 4, 2023 7:11 AM",No
Short Guided Meditation | Buddhism.net,,https://buddhism.net/short-guided-meditation/,"October 28, 2023 8:06 AM",No
Gathas for Daily Living | Buddhism.net,,https://buddhism.net/gathas-for-daily-living/,"October 28, 2023 8:05 AM",No
Generative AI exists because of the transformer,,https://ig.ft.com/generative-ai/?s=03,"October 17, 2023 2:41 PM",No
"Waldorf curriculum ",,https://www.novatocharterschool.org/wp-content/uploads/2018/05/The-Kindergarten-Curriculum-Alliance-for-Public-Waldorf-Education.pdf,"October 16, 2023 7:06 AM",No
What is Dharma? Dharma is Not Banging Your Head Against the Wall | Buddhism.net,,https://buddhism.net/posts/buddhism-for-all/b101-dharma-is-not-banging-your-head-against-the-wall/,"October 15, 2023 6:42 PM",No
100 Little Ideas · Collab Fund,,https://collabfund.com/blog/100-little-ideas/,"October 6, 2023 11:19 AM",No
The Seven Deadly Sins of Consumer Technology,,https://www.digitalnative.tech/p/the-seven-deadly-sins-of-consumer,"October 6, 2023 6:04 AM",No
Yuval on meditation - watch everyday https://youtube.com/watch?v=qJTzRS2Gdj0&si=4fCc1sk1THePX_Na,,,"September 17, 2023 10:33 AM",No
Artificial Neural Network Fundamentals · AFIT Data Science Lab R Programming Guide,,https://afit-r.github.io/ann_fundamentals,"September 13, 2023 9:29 AM",No
One of the best videos on neural network understanding https://youtube.com/watch?v=aircAruvnKk&si=C1azjLtlLOc8dfdP,,,"September 12, 2023 9:13 PM",No
"GitHub - logspace-ai/langflow: ⛓️ Langflow is a UI for LangChain, designed with react-flow to provide an effortless way to experiment and prototype flows.",,https://github.com/logspace-ai/langflow,"September 9, 2023 4:23 PM",No
Football Players Tracking | YOLOv5 + ByteTRACK | Google Colab | step-by-step Tutorial - YouTube,,https://www.youtube.com/watch?v=QCG8QMhga9k,"September 8, 2023 4:17 PM",No
KNN (K Nearest Neighbors) in Python - ML From Scratch 01 - Python Engineer,,https://www.python-engineer.com/courses/mlfromscratch/01_knn/,"September 7, 2023 5:57 PM",No
LangChain Tutorial in Python - Crash Course - Python Engineer,,https://www.python-engineer.com/posts/langchain-crash-course/,"September 7, 2023 5:50 PM",No
Make Something Wonderful | Steve Jobs,,https://book.stevejobsarchive.com/,"September 6, 2023 9:40 AM",No
Complete Guide to Polarized Training with Dr. Stephen Seiler,,https://www.fasttalklabs.com/pathways/polarized-training/,"September 3, 2023 8:04 PM",No
Seiler’s Hierarchy of Endurance Training Needs – 80/20 Endurance,,https://www.8020endurance.com/seilers-hierarchy-of-endurance-training-needs/,"September 3, 2023 8:03 PM",No
Generative AI applications with Vertex AI PaLM 2 Models and LangChain | Google Cloud Blog,,https://cloud.google.com/blog/products/ai-machine-learning/generative-ai-applications-with-vertex-ai-palm-2-models-and-langchain,"August 27, 2023 9:31 PM",No
Brain is always listening,,https://files.tyndale.com/thpdata/firstchapters/978-1-4964-3820-1.pdf,"August 26, 2023 10:06 PM",No
Suffering | HealthyGamer Wiki,,https://wiki.healthygamer.gg/en/Suffering,"August 25, 2023 8:54 AM",No
Kapha Dosha | HealthyGamer Wiki,,https://wiki.healthygamer.gg/en/Kapha,"August 25, 2023 8:54 AM",No
Pitta Dosha | HealthyGamer Wiki,,https://wiki.healthygamer.gg/en/Pitta,"August 25, 2023 8:54 AM",No
Vata Dosha | HealthyGamer Wiki,,https://wiki.healthygamer.gg/en/Vata,"August 25, 2023 8:54 AM",No
Ayurveda | HealthyGamer Wiki,,https://wiki.healthygamer.gg/en/Ayurveda,"August 25, 2023 8:53 AM",No
Communication | HealthyGamer Wiki,,https://wiki.healthygamer.gg/en/Communication,"August 25, 2023 8:53 AM",No
Imposter Syndrome | HealthyGamer Wiki,,https://wiki.healthygamer.gg/en/Imposter_Syndrome,"August 25, 2023 8:53 AM",No
Confidence | HealthyGamer Wiki,,https://wiki.healthygamer.gg/en/Confidence,"August 25, 2023 8:52 AM",No
Productivity | HealthyGamer Wiki,,https://wiki.healthygamer.gg/en/Productivity,"August 23, 2023 8:37 PM",No
Learning | HealthyGamer Wiki,,https://wiki.healthygamer.gg/en/Learning,"August 23, 2023 8:36 PM",No
Brian Feroldi Recommended Resources - Google Sheets,,https://docs.google.com/spreadsheets/d/1ylxLyo_vOb60RYe_x96pH4fLoZH3U1SET2UQuBjEYb8/edit?pli=1#gid=1841532980,"August 15, 2023 11:28 AM",No
GenAI @ YouTube - AI to Try,,https://sites.google.com/corp/google.com/youtubegenerativeai/ai-to-try,"August 9, 2023 5:27 AM",No
Dialogflow Messenger with access control  |  Contact Center AI and Dialogflow Labs  |  Google Cloud,,https://cloud.google.com/dialogflow/priv/docs/labs/messenger-access-control#setup,"August 8, 2023 12:12 PM",No
Book Summary: In Praise of Walking - The new science of how we walk and why it’s good for us,,https://paminy.com/book-summary-praise-walking-new-science-how-why-good/,"July 28, 2023 9:52 PM",No
Meditation Techniques | HealthyGamer Wiki,,https://wiki.healthygamer.gg/en/Meditation_Techniques,"July 18, 2023 10:02 PM",No
Talks - Vasana Daha Tantra,,https://www.himalayanacademy.com/view/gr_1999-03-29_vasana-daha-tantra,"July 17, 2023 1:06 PM",No
"GenAI key terms ",,https://www.linkedin.com/feed/update/activity:7083888727315382272,"July 9, 2023 7:15 PM",No
Meditation Dr Alok (DrK) healthygamersgg,,https://wiki.healthygamer.gg/en/Meditation,"July 7, 2023 10:33 PM",No
Book Summary: Digital Minimalism by Cal Newport,,https://www.samuelthomasdavies.com/book-summaries/business/digital-minimalism/,"June 11, 2023 8:07 PM",No
Digital Minimalism by Cal Newport: Book Summary and Review,,https://fourminutebooks.com/digital-minimalism-summary/,"June 11, 2023 8:06 PM",No
"Eastern philosophy says there is no ""self."" Science agrees",,https://bigthink.com/the-well/eastern-philosophy-neuroscience-no-self/,"June 11, 2023 1:39 AM",No
Thread by @warikoo on Thread Reader App – Thread Reader App,,https://threadreaderapp.com/thread/1263731366857973760.html,"June 8, 2023 9:56 AM",No
Overview of VPC Service Controls  |  Google Cloud,,https://cloud.google.com/vpc-service-controls/docs/overview,"June 7, 2023 8:38 PM",No
Azure Mind Map,,,"June 5, 2023 4:07 PM",No
https://youtuber-two.vercel.app/dashboard/114,,https://youtuber-two.vercel.app/dashboard/114,"June 2, 2023 6:25 AM",No
Paying Attention · Collab Fund,,https://collabfund.com/blog/paying-attention/,"June 1, 2023 3:47 PM",No
One-pointed Mind is Joy | The Art of Living,,https://www.artofliving.org/us-en/yoga/patanjali-yogasutra/knowledge-sheet-27,"May 28, 2023 9:56 AM",No
The Mystery of the Declining U.S. Birth Rate | Econofact,,https://econofact.org/the-mystery-of-the-declining-u-s-birth-rate,"May 17, 2023 7:19 AM",No
Bert explained,,https://www.linkedin.com/feed/update/activity:7063824043048644609,"May 15, 2023 7:28 AM",No
Professional Cloud Architect Sample Questions,,https://docs.google.com/forms/d/e/1FAIpQLSdvf8Xq6m0kvyIoysdr8WZYCG32WHENStftiHTSdtW4ad2-0w/viewscore?viewscore=AE0zAgBvG5WDE17-xgjc-P4zw3Q_VyjMD3vnn2vrBjY2chcSZkI6WWSvaBfIuJLCBiGB1YI,"May 9, 2023 7:21 PM",No
Step by step path for machine learning https://youtube.com/watch?v=wtolixa9XTg&feature=share,,,"May 9, 2023 9:41 AM",No
Scott Hanselman's Complete List of Productivity Tips - Scott Hanselman's Blog,,https://www.hanselman.com/blog/scott-hanselmans-complete-list-of-productivity-tips,"May 9, 2023 8:13 AM",No
The Full Story of Large Language Models and RLHF,,https://www.assemblyai.com/blog/the-full-story-of-large-language-models-and-rlhf/,"May 9, 2023 3:04 AM",No
"Frontiers | Self-awareness, self-regulation, and self-transcendence (S-ART): a framework for understanding the neurobiological mechanisms of mindfulness",,https://www.frontiersin.org/articles/10.3389/fnhum.2012.00296/full,"May 7, 2023 8:27 PM",No
The absolute best video for phone addiction,,,"May 5, 2023 8:06 AM",No
One thing pdf worksheet,,,"May 4, 2023 4:10 PM",No
JushBJJ/Mr.-Ranedeer-AI-Tutor: A GPT-4 AI Tutor Prompt for customizable personalized learning experiences.,,https://github.com/JushBJJ/Mr.-Ranedeer-AI-Tutor,"May 2, 2023 4:47 PM",No
Mid journey camera skills,,https://www.linkedin.com/feed/update/ugcPost:7058112801831034880,"May 1, 2023 1:48 PM",No
Top 7 Financial APIs to Try Out in 2023 | by Nikhil Adithyan | CodeX | Medium,,https://medium.com/codex/top-7-financial-apis-to-try-out-in-2022-4f7b38c1fb8,"April 30, 2023 7:38 AM",No
API Documentation | Alpha Vantage,,https://www.alphavantage.co/documentation/,"April 30, 2023 7:38 AM",No
Wondercraft AI,,https://wondercraft.ai/,"April 28, 2023 6:36 PM",No
Prompt engineering techniques with Azure OpenAI - Azure OpenAI Service | Microsoft Learn,,https://learn.microsoft.com/en-us/azure/cognitive-services/openai/concepts/advanced-prompt-engineering?pivots=programming-language-chat-completions,"April 25, 2023 5:45 PM",No
Machine Learning  |  Google Developers,,https://developers.google.com/machine-learning/crash-course,"April 22, 2023 3:44 PM",No
Pandas DataFrame UltraQuick Tutorial.ipynb - Colaboratory,,https://colab.research.google.com/github/google/eng-edu/blob/main/ml/cc/exercises/pandas_dataframe_ultraquick_tutorial.ipynb?utm_source=mlcc&utm_campaign=colab-external&utm_medium=referral&utm_content=mlcc-prework&hl=en,"April 22, 2023 3:44 PM",No
Harvard and Stanford courses,,https://www.linkedin.com/feed/update/activity:7055614317005574144,"April 22, 2023 3:39 PM",No
Illustrated introduction to Linux iptables,,https://iximiuz.com/en/posts/laymans-iptables-101/,"April 22, 2023 10:39 AM",No
"reworkd/AgentGPT: 🤖 Assemble, configure, and deploy autonomous AI Agents in your browser.",,https://github.com/reworkd/AgentGPT,"April 19, 2023 11:20 AM",No
drively/File.svelte at master · troq/drively · GitHub,,https://github.com/troq/drively/blob/master/src/js/File.svelte,"April 18, 2023 5:35 PM",No
openai/openai-cookbook: Examples and guides for using the OpenAI API,"openai, tech-stuff",https://github.com/openai/openai-cookbook,"April 10, 2023 6:51 AM",No
"Learning JavaScript - interactive scrimba ","Javascript, tech-stuff",https://scrimba.com/learn/learnjavascript/lets-build-a-chrome-extension-co85441e3b6bd2c9eeee218bf,"April 8, 2023 12:38 PM",No
Essential cloud computing skills,"Gcp, tech-stuff",https://www.linkedin.com/feed/update/activity:7050081953655521280,"April 8, 2023 7:26 AM",No
"Moderate Drinking Has No Health Benefits, Analysis of Decades of Research Finds - The New York Times",health,https://www.nytimes.com/2023/04/04/health/alcohol-health-effects.html,"April 5, 2023 4:49 PM",No
Brain Rules Book Summary by John Medina,"books, health, how-to-learn, mind",https://www.shortform.com/summary/brain-rules-summary-john-medina?utm_source=bing&utm_medium=cpc&utm_campaign=Book%20-%20Brain%20Rules%20-%20Phrase&utm_term=john%20medina%20brain%20rules&utm_content=84731656842743&msclkid=880f71c56d4317ba1b4a15ef82f1c191,"April 3, 2023 11:24 AM",No
Prompt engineering,"openai, tech-stuff",https://www.linkedin.com/feed/update/urn:li:activity:7046692450446258176?utm_source=share&utm_medium=member_ios,"March 30, 2023 7:55 PM",No
Biohacking Lite,"health, mind, self-improvement",http://karpathy.github.io/2020/06/11/biohacking-lite/,"March 30, 2023 6:41 PM",No
How to teach technical concepts with cartoons,"creator-advice, simplifying, tech-stuff",https://jvns.ca/teach-tech-with-cartoons/,"March 27, 2023 3:08 PM",No
Scott Galloway mid 30s advice,"mind, self-improvement",,"March 23, 2023 10:37 AM",No
Byte byte go system design pdf,"books, tech-stuff",https://bytebyte-go.s3.amazonaws.com/ByteByteGo_LinkedIn_PDF.pdf,"March 20, 2023 3:42 PM",No
Book recos for 2023,books,https://www.linkedin.com/feed/update/activity:7043315379405766657,"March 19, 2023 6:05 PM",No
12 Tips for Effective Technical Blogging | Thomas Stringer,"creator-advice, tech-stuff",https://trstringer.com/technical-blogging-tips/,"March 15, 2023 10:23 AM",No
Kubernetes networking deep dive pdf,"kubernetes, networking, tech-stuff",https://more.suse.com/rs/937-DCH-261/images/DivingDeepIntoKubernetesNetworking_final.pdf,"March 11, 2023 7:44 AM",No
"Nick Huber on Twitter: ""Time for a BOOK LIST. I've read over 250 self-help and business books.. Heres a list of the ones that have had the largest influence on my life and career. A thread:"" / Twitter","mind, productivity, self-improvement",https://twitter.com/sweatystartup/status/1354781881317937154,"March 10, 2023 7:16 AM",No
15 min strength workout Nick Huber sweaty startup,"health, strength",https://youtube.com/watch?v=EuL017RWhT8&feature=share,"March 10, 2023 7:13 AM",No
Bhagavat Gita every chapter in one sentence summary,"meditation, mind, self-improvement",https://qph.cf2.quoracdn.net/main-qimg-4118170521084951b30d0182997cf14f-lq,"March 8, 2023 6:14 AM",No
"Vipassana meditation newsletter ","meditation, mind, self-improvement",,"March 8, 2023 4:45 AM",No
Fundamental Investor: My Experience with Panchakarma & Ayurveda,"health, mind, money, self-improvement",http://www.fundamental-investor.com/2022/05/my-experience-with-panchakarma-ayurveda.html,"March 7, 2023 12:12 PM",No
"Terraform Best Practices For Writing Clean, Readable, And Maintainable Code | Build5Nines","devops, linux, tech-stuff, terraform",https://build5nines.com/terraform-best-practices-for-writing-clean-readable-and-maintainable-code/,"March 7, 2023 8:28 AM",No
Impacts to Your Benefits,"job benefits, microsoft",,"March 7, 2023 6:17 AM",No
Employment Verification (US-Based Employees Only),"job benefits, microsoft",,"March 7, 2023 6:14 AM",No
What is Carrier-grade NAT (CGN/CGNAT)? | Glossary | A10 Networks,"networking, tech-stuff",https://www.a10networks.com/glossary/what-is-carrier-grade-nat-cgn-cgnat/,"March 2, 2023 11:46 AM",No
Linux essential concepts to learn,"devops, linux, tech-stuff",https://www.linkedin.com/feed?trk=p_mwlite_profile_self-primary_nav,"March 2, 2023 9:16 AM",No
Zimmergren good Azure blog,"azure, tech-stuff",https://zimmergren.net/archive/,"March 1, 2023 11:49 AM",No
"Easlo on Twitter: ""If you want to learn Notion for free, open this thread 🧵"" / Twitter","mind, miscellaneous, productivity, tools",https://twitter.com/heyeaslo/status/1630394171373527041,"February 28, 2023 11:18 AM",No
Two Years Without Health Insurance (and What I’m Doing Now) | Mr. Money Mustache,"bike, health, money",https://www.mrmoneymustache.com/2020/11/09/direct-primary-care/,"February 27, 2023 8:44 AM",No
Architecting multi tenant saas azure,"azure, tech-stuff",https://m.youtube.com/watch?v=aem8elgN7iI,"February 23, 2023 1:38 PM",No
Tod holding multi tenant saas solutions AWS,"azure, tech-stuff",https://m.youtube.com/watch?v=rqXDSh0YZdk,"February 23, 2023 1:36 PM",No
Configuring Azure Firewall in Forced Tunneling mode - Microsoft Community Hub,"azure, azuremonk, tech-stuff",https://techcommunity.microsoft.com/t5/azure-network-security-blog/configuring-azure-firewall-in-forced-tunneling-mode/ba-p/3581955,"February 23, 2023 11:35 AM",No
My most important things to do - Stock events app creator,"health, meditation, mind, money, self-improvement",https://davidkunnen.com/my-most-important-things/,"February 22, 2023 1:56 PM",No
Innerworth — Mind over markets – Varsity by Zerodha,"mind, money",https://zerodha.com/varsity/module/innerworth/,"February 13, 2023 10:51 AM",No
Avi Chawla on LinkedIn: Pandas receives over 3M downloads per day. But 99% of its users are not… | 67 comments,"python, tech-stuff",https://www.linkedin.com/posts/avi-chawla_pandas-receives-over-3m-downloads-per-day-activity-7030484085068210176-XApG,"February 12, 2023 12:00 PM",No
Azure Networking is not like your on-onprem network – Cloudtrooper,"azure, tech-stuff",https://blog.cloudtrooper.net/2023/01/21/azure-networking-is-not-like-your-on-onprem-network/,"January 26, 2023 5:35 PM",No
Financial data - Stratosphere.io,"money, tech-stuff",https://www.stratosphere.io/pricing/,"January 19, 2023 7:35 AM",No
How To Remember Anything Forever-ish,"mind, self-improvement, tools",https://ncase.me/remember/,"January 18, 2023 8:01 PM",No
"really cool ai tools (very helpful) ","mind, tech-stuff, tools",https://www.linkedin.com/feed/update/urn:li:activity:7020911107716362240/,"January 17, 2023 12:27 PM",No
robusta-dev/kubernetes-chatgpt-bot: A ChatGPT bot for Kubernetes issues.,"kubernetes, tech-stuff",https://github.com/robusta-dev/kubernetes-chatgpt-bot/,"January 10, 2023 4:49 PM",No
"Are you using AKS Log Analytics?. If you’re like a lot of customers, it’s… | by Chase | Dec, 2022 | ITNEXT","azure, kubernetes, tech-stuff",https://itnext.io/are-you-using-aks-log-analytics-e0d1881dea29,"January 7, 2023 4:54 AM",No
networking-101-gcp-sheet/network101gcp.pdf at main · jesuispy/networking-101-gcp-sheet · GitHub,"Gcp, tech-stuff",https://github.com/jesuispy/networking-101-gcp-sheet/blob/main/pdf/network101gcp.pdf,"December 30, 2022 8:16 PM",No
"Mitochondria as chi - bm hedge ",health,https://watermark.silverchair.com/genetics0727.pdf?token=AQECAHi208BE49Ooan9kkhW_Ercy7Dm3ZL_9Cf3qfKAc485ysgAAAtkwggLVBgkqhkiG9w0BBwagggLGMIICwgIBADCCArsGCSqGSIb3DQEHATAeBglghkgBZQMEAS4wEQQM5i08fioJfk4gpOwpAgEQgIICjJFz84klhK_Cf_xZM3B2_IfitXjvzBltBcZT1v_0CVzt02az2_tJiMekTSRs86yHp6yhfGdBEOiVtGY-ugOeSYwQ0jmdjxiNz1jI8qyg9wRoQmPD69Bwrct9EZDYICkH21ZDa6KCYg74hwuFguWuYcWuHA8qrisEWqKpT6sNEyAjQoesJdiN5rGlqQBdu0Gbh46we_kZUpwkSSTVrXevEcl8PJO8VmFTMwEbMCAhdzxkbtDUknNQYzLuYMl4voy0aAWz5K_Dtt7dRLpNBqMGD4rGqwKoFTBKV0eRuM-rGrjaqjv2Yk5K7n2CTrFw5rXaiUGNoaKQu7E0cguOiAPuofqJvyrk_2Zaue4JURPF7ni_D9k0Y2MvMheonT9B2nncRb3IZS9u9upbQ70R0PV_O18DU3FaCKgdBVjwZgvPIiogSyYiNfOIW1NMCDLVdBAreOIcsaXVnhfnEU1Tv4pY2QhClk7V5CsJi3YFpxosR6kH9uny4X7msxkWxA_6j9gpjVTps-VYNT2dyGHbFcYm2L9N_uj4hoM1b96MkUjmzTVnQfJtylQgBHXoDviwJ3f0TpqE-xoOmuUxNJGHxd4stXIVf3jvxbAFI0G2S6LfirTLw6EvV2Fc_6KhyDNza37tDFbAFlYJ78uFmfzto1ck4d-PAGhIwhnqWr0eU_opgEFaNMhF3sJ1vrbQI_Ls_Aq1TBFMHg83f21PvJJHLrSJin3fAivFHteLqni6peN5HPMuX8nI5oBKBO1PyAsOijhoNfRpo89fbCiBVPOUquQfOqvNNdCcgBcy-j0603Esy544wkePle-9E7o3Jt03M4INsyNFde39qxrVkx-Kw4nOneX9vjfwNXOXqkFZOt4,"December 27, 2022 1:51 AM",No
Re-thinking our relationship with alcohol - by Greg Campion,health,https://gregcampion.substack.com/p/re-thinking-our-relationship-with,"November 27, 2022 12:42 AM",No
Attention · Collab Fund,mind,https://collabfund.com/blog/attention/,"November 26, 2022 6:37 PM",No
"What I Read, and Why | Jason Zweig",mind,https://jasonzweig.com/what-i-read-and-why/,"November 26, 2022 6:29 PM",No
Workload identity on AKS with Python: boring – Cloudtrooper,"azure, tech-stuff",https://blog.cloudtrooper.net/2022/11/19/workload-identity-on-aks-with-python-boring/,"November 25, 2022 12:10 AM",No
Cybersecurity resources,tech-stuff,https://www.linkedin.com/feed/update/activity:6997255890785505281,"November 13, 2022 5:54 PM",No
Kusto Detective Agency,"azure, tech-stuff",https://detective.kusto.io/inbox,"November 7, 2022 7:11 PM",No
"Journey Of The Geek | The chronicles of a Bostonian tech geek navigating through life, technology, and general geekiness.","azure, tech-stuff",https://journeyofthegeek.com/,"November 4, 2022 12:25 PM",No
12ft | Selling OTM Covered Calls Systematically: A 30-Year Backtest | Seeking Alpha,money,https://12ft.io/proxy?q=https://seekingalpha.com/article/4353418-selling-otm-covered-calls-systematically-30-year-backtest,"November 1, 2022 8:59 PM",No
Write It While It's Hot,miscellaneous,https://salman.io/blog/write-it-while-its-hot/,"October 27, 2022 8:12 PM",No
DoNotPay - The World's First Robot Lawyer,"miscellaneous, tools",https://donotpay.com/,"October 24, 2022 6:29 PM",No
Jerry Seinfeld said daily meditation and lifting weights have completely changed his life - Upworthy,"health, mind",https://www.upworthy.com/amp/jerry-seinfeld-shared-the-two-habits-he-believes-can-solve-just-about-anyones-life-2649752114,"October 10, 2022 6:17 AM",No
28mm/blast-radius: Interactive visualizations of Terraform dependency graphs using d3.js,tech-stuff,https://github.com/28mm/blast-radius,"September 26, 2022 11:28 AM",No
Terraform Visual,tech-stuff,https://hieven.github.io/,"September 26, 2022 11:27 AM",No
Brainboard · GitHub Marketplace,tech-stuff,https://github.com/marketplace/brainboard,"September 26, 2022 11:27 AM",No
Examples · Diagrams as Code,tech-stuff,https://diagrams.mingrammer.com/docs/getting-started/examples,"September 26, 2022 11:27 AM",No
How to Get More Time – Of Dollars And Data,money,https://ofdollarsanddata.com/how-to-get-more-time/,"September 23, 2022 9:09 PM",No
Creativity - Scott Adams Says,"mind, self-improvement",https://www.scottadamssays.com/creativity/,"September 20, 2022 8:09 PM",No
Self Talk - Scott Adams Says,"mind, self-improvement",https://www.scottadamssays.com/self-talk/,"September 20, 2022 8:07 PM",No
Happiness Engineering - Scott Adams Says,"mind, self-improvement",https://www.scottadamssays.com/happiness-engineering/,"September 20, 2022 8:05 PM",No
Zone 2 Heart Rate Training For Longevity and Performance,health,https://www.howardluksmd.com/zone-2-hr-training-live-longer-less-injury/,"September 20, 2022 9:55 AM",No
Source Control Ninja Level - Pt. 2 Beginnings,tech-stuff,https://www.shankuehn.io/post/source-control-ninja-level-pt-2-beginnings,"September 14, 2022 4:43 PM",No
Comparison of migration tools in Azure File Migration Program | Microsoft Docs,"azure, tech-stuff",https://docs.microsoft.com/en-us/azure/storage/solution-integration/validated-partners/data-management/azure-file-migration-program-solutions,"September 12, 2022 7:14 AM",No
Pandas cheat sheet data frame,tech-stuff,https://pandas.pydata.org/Pandas_Cheat_Sheet.pdf,"September 10, 2022 6:07 PM",No
Collections - GitHubTraining | Microsoft Docs,"azure, tech-stuff",https://docs.microsoft.com/en-us/users/githubtraining/collections/mom7u1gzjdxw03,"September 10, 2022 5:37 PM",No
"40 stories at 40 Ravishankar iyer ",self-improvement,https://attachments.convertkitcdnn2.com/416218/7dc01ab6-d028-497e-9c41-3c4c0268262c/40%20Stories%20At%2040%20Compilation.pdf#page26,"September 5, 2022 1:46 PM",No
Office Exercises: 30 Exercises to Do at Your Desk,health,https://www.healthline.com/health/fitness/office-exercises,"August 31, 2022 7:16 AM",No
Git's database internals II: commit history queries | The GitHub Blog,tech-stuff,https://github.blog/2022-08-30-gits-database-internals-ii-commit-history-queries/,"August 31, 2022 7:05 AM",No
Azure Network Security Ninja Training - Microsoft Tech Community,"azure, tech-stuff",https://techcommunity.microsoft.com/t5/azure-network-security-blog/azure-network-security-ninja-training/ba-p/2356101,"August 29, 2022 3:16 PM",No
"GitHub - GoogleCloudPlatform/microservices-demo: Sample cloud-native application with 10 microservices showcasing Kubernetes, Istio, gRPC and OpenCensus.","Gcp, tech-stuff",https://github.com/GoogleCloudPlatform/microservices-demo,"August 24, 2022 5:51 PM",No
"How To Read Academic Content Once and Remember it Forever | by David Handel, MD | Better Humans","mind, self-improvement",https://betterhumans.pub/how-to-read-academic-content-once-and-remember-it-forever-e44f26d82566,"August 12, 2022 3:11 PM",No
"Slow-Reading is the New Deep Learning | by David Handel, MD | Better Humans","mind, self-improvement",https://betterhumans.pub/slow-reading-is-the-new-deep-learning-452f179c0289,"August 12, 2022 3:09 PM",No
How to Be a Better Student by Unlocking the Amazing Power of Your Brain | Better Humans,"mind, self-improvement",https://betterhumans.pub/how-to-unlock-the-amazing-power-of-your-brain-and-become-a-top-student-369e5ba59484,"August 12, 2022 3:08 PM",No
A Guide to Navigating the AKS Enterprise Documentation & Scripts – Buchatech.com,"azure, kubernetes, tech-stuff",https://www.buchatech.com/2022/08/a-guide-to-navigating-the-aks-enterprise-documentation-scripts/,"August 8, 2022 4:21 PM",No
"Jon Brosio on Twitter: ""Master psychology and you can print money at will. Sadly, most people don't know how or where to start. Here are 14 documentaries that will teach you more about psychology than a four-year degree:"" / Twitter","mind, self-improvement",https://mobile.twitter.com/jonbrosio/status/1550118413229367296,"July 22, 2022 7:05 AM",No
"Alex Brogan on Twitter: ""10 of the most useful websites on the internet (that you’ve probably never heard of):"" / Twitter",miscellaneous,https://twitter.com/_alexbrogan/status/1540685028308398080,"July 10, 2022 8:27 PM",No
AWESOME resource - GBB Networking Hub,"azure, tech-stuff",https://azuregbb.github.io/,"June 23, 2022 9:29 AM",No
Make It Mine's Customizable PopBox™ - Gift idea,miscellaneous,https://www.makeitmine.co/products/popbox?currency=USD&utm_medium=cpc&utm_source=google&utm_campaign=Google%20Shopping&nbt=nb%3Aadwords%3Au%3A15609278339%3A130467522199%3A570274987196&nb_adtype=&nb_kwd=&nb_ti=pla-1594562141967&nb_mi=128581363&nb_pc=online&nb_pi=shopify_US_2216329183291_40062121607213&nb_ppi=1594562141967&nb_placement=&nb_si={sourceid}&nb_li_ms=&nb_lp_ms=&nb_fii=&nb_ap=&nb_mt=&gclid=CjwKCAjwtcCVBhA0EiwAT1fY77oyAytKSv3FJyJ-AuJ9AefBfyMXQuDuUiF82_w7GoEU-MOeoiukPhoCzVgQAvD_BwE,"June 20, 2022 3:41 PM",No
My Favorite Film For Each Year of My Life: movies,movie,https://www.reddit.com/r/movies/comments/9cjj85/my_favorite_film_for_each_year_of_my_life/,"June 18, 2022 10:26 AM",No
Debarghya Das,miscellaneous,https://debarghyadas.com/reads/,"June 18, 2022 9:58 AM",No
The 50 Most Popular Party Spots in New York City,"food, travel",https://debarghyadas.com/writes/the-50-most-popular-party-spots-in-new-york-city/,"June 18, 2022 9:56 AM",No
Morgan Housel recommended books list (24 books),"mind, self-improvement",https://www.goodreads.com/list/show/145003.Morgan_Housel_recommended_books_list,"May 26, 2022 8:22 AM",No
Awesome summary free books The Rabbit Hole – Jump In.,"mind, self-improvement",https://blas.com/,"May 25, 2022 5:59 PM",No
"My Bear Market Survival Guide - Here’s my playbook for surviving a bear market:
I try to be healthy. Eat right. Exercise. Get enough sleep at night.
This stuff might not feel important but it helps",money,https://awealthofcommonsense.com/2022/05/my-bear-market-survival-guide/,"May 20, 2022 9:38 AM",No
Free course - Hybrid Calisthenics,health,https://www.hybridcalisthenics.com/wall-pushups,"May 16, 2022 1:11 PM",No
Introducing AzAPI provider and aztfy previews,"azure, tech-stuff",https://techcommunity.microsoft.com/t5/azure-tools-blog/announcing-azure-terrafy-and-azapi-terraform-provider-previews/ba-p/3270937,"May 4, 2022 6:57 PM",No
pythion in one image,"python, tech-stuff",https://twitter.com/Saransh1683/status/1520848051476176896/photo/1,"May 4, 2022 9:53 AM",No
Azure Firewall’s sidekick to join the BGP superheroes – Cloudtrooper,azure,https://blog.cloudtrooper.net/2022/05/02/azure-firewalls-sidekick-to-join-the-bgp-superheroes/,"May 3, 2022 4:51 PM",No
"Build, test, and deploy containers to Azure Kubernetes Service using GitHub Actions - Azure Kubernetes Service | Microsoft Docs","azure, kubernetes, tech-stuff",https://docs.microsoft.com/en-us/azure/aks/kubernetes-action,"May 3, 2022 12:39 PM",No
"Eddie villalba- Suggested Readings, Links, Podcasts and other Sundry Items for the Burgeoning Cloud Architect | Evillgenius75 Gitpage","azure, kubernetes, tech-stuff",https://evillgenius75.github.io/posts/04252022-archibooks/,"April 26, 2022 11:00 AM",No
MichaelCade/90DaysOfDevOps: This repository is my documenting repository for learning the world of DevOps. I started this journey on the 1st January 2022 and I plan to run to March 31st for a complete 90-day romp on spending an hour a day including weekends to get a foundational knowledge across a lot of different areas that make up DevOps.,"devops, tech-stuff",https://github.com/MichaelCade/90DaysOfDevOps?s=09,"April 20, 2022 5:42 PM",No
cloudnloud/interview-questions,"devops, tech-stuff",https://github.com/cloudnloud/interview-questions,"April 13, 2022 1:40 PM",No
ibonds interest rate,money,https://www.treasurydirect.gov/indiv/research/indepth/ibonds/IBondRateChart.pdf,"April 12, 2022 3:39 PM",No
Azure Functions with Docker? …What? Let me tell you! | by Marcelo Agustin Beghé | Medium,"azure, tech-stuff",https://medium.com/@marcelo.beghe/azure-functions-with-docker-what-let-me-tell-you-315264caf1f9,"April 11, 2022 8:37 PM",No
Create Azure Functions on Linux using a custom image | Microsoft Docs,"azure, tech-stuff",https://docs.microsoft.com/en-us/azure/azure-functions/functions-create-function-linux-custom-image?tabs=in-process%2Cbash%2Cazure-cli&pivots=programming-language-python,"April 11, 2022 8:33 PM",No
Auto-scaling + Kubernetes = KEDA — Part 2 | by Evgeny Grishchenko | Dev Genius,"azure, kubernetes, tech-stuff",https://blog.devgenius.io/auto-scaling-kubernetes-keda-part-2-72fb3fc21c27,"April 11, 2022 8:27 PM",No
good k8s blog Karan Sharma | kubectl wait,"azure, kubernetes, tech-stuff",https://mrkaran.dev/posts/kubectl-wait/,"March 28, 2022 12:49 PM",No
6 Important things you need to run Kubernetes in production,"kubernetes, tech-stuff",https://www.pionative.com/post/6-important-things-you-need-to-run-kubernetes-in-production,"March 24, 2022 5:58 AM",No
Steve Jobs: The Lost Interview from 1995 (2012) - YouTube,miscellaneous,https://www.youtube.com/watch?v=aJzmlohbY60,"March 23, 2022 9:45 AM",No
Good blog Private Link and Azure Monitor: what is an AMPLS? – Cloudtrooper,"azure, tech-stuff",https://blog.cloudtrooper.net/2022/03/11/private-link-and-azure-monitor-what-is-an-ampls/,"March 21, 2022 7:00 PM",No
How To Configure Ingress TLS/SSL Certificates In Kubernetes,"kubernetes, tech-stuff",https://devopscube.com/configure-ingress-tls-kubernetes/,"March 20, 2022 4:52 PM",No
Kubernetes Ingress Tutorial: Beginners Series,,https://devopscube.com/kubernetes-ingress-tutorial/,"March 20, 2022 4:51 PM",No
"January Effect, Etc: Which Months are Best (and Worst) for the Stock Market?",money,http://www.moneychimp.com/features/monthly_returns.htm,"March 10, 2022 7:44 AM",No
StockComps - the easy way to compare investments,money,https://stockcomps.com/home,"March 4, 2022 11:34 AM",No
Total return calculator stocks,money,https://dqydj.com/etf-return-calculator/,"March 4, 2022 11:33 AM",No
Espp sale guidance fidelity,money,https://communications.fidelity.com/sps_library/docs/bro-tax-espp-click.pdf,"March 3, 2022 8:46 AM",No
Pmarchive · Pmarca Guide to Career Planning: Introduction,"miscellaneous, tech-stuff",https://fictivekin.github.io/pmarchive-jekyll//guide_to_career_planning_part0.html,"March 2, 2022 6:07 PM",No
Anita Dakhe - power of thrift -On meditation • The Power of Thrift,money,https://thepowerofthrift.com/on-meditation/,"February 22, 2022 6:44 AM",No
adit.io,miscellaneous,https://adit.io/,"February 13, 2022 7:49 PM",No
Grokking Algorithms,tech-stuff,https://edu.anarcho-copy.org/Algorithm/grokking-algorithms-illustrated-programmers-curious.pdf,"February 13, 2022 7:49 PM",No
Caching in a nutshell,tech-stuff,https://www.linkedin.com/feed/update/activity:6898685610484203520,"February 13, 2022 3:42 PM",No
Latency in Blob storage - Azure Storage | Microsoft Docs,"azure, tech-stuff",https://docs.microsoft.com/en-us/azure/storage/blobs/storage-blobs-latency,"February 11, 2022 7:18 AM",No
Immersion Workshops Azure Cloud Native,"azure, tech-stuff",https://partner.microsoft.com/en-us/asset/collection/AIW-CloudNativeApps#/,"February 9, 2022 7:04 PM",No
Authenticate to Azure from Python | Thomas Stringer,"azure, tech-stuff",https://trstringer.com/authenticate-python-to-azure/,"February 7, 2022 2:59 PM",No
Azure Consumption Summary from the Command Line | Thomas Stringer,"azure, tech-stuff",https://trstringer.com/az-consumption-summary-cli/,"February 7, 2022 2:59 PM",No
The easy (and nice) way to do CLI apps in Python | Thomas Stringer,"azure, python, tech-stuff",https://trstringer.com/easy-and-nice-python-cli/,"February 7, 2022 2:59 PM",No
AKV CSI notes,"azure, kubernetes, tech-stuff",https://rakirahman.notion.site/AKV-CSI-notes-769866bbac854efca5419a34f19ad4c4,"February 3, 2022 1:56 PM",No
nip.io - wildcard DNS for any IP Address,tech-stuff,https://nip.io/,"February 3, 2022 12:08 PM",No
What A World · Collaborative Fund,money,https://www.collaborativefund.com/blog/what-a-world/,"January 22, 2022 8:09 PM",No
How I get options data for free,"money, python, tech-stuff",https://www.freecodecamp.org/news/how-i-get-options-data-for-free-fba22d395cc8/amp/,"January 1, 2022 7:48 AM",No
FastAPI Handle Form Data & Upload Files - YouTube,"money, python, tech-stuff",https://www.youtube.com/watch?v=Ofesfy686jY&list=PL0lYY7rL__yJKvrhuIae-SHY7bZm9Vasb&index=5,"December 31, 2021 2:08 PM",No
"Let’s Understand the Important Pandas Functions for Data Science | by Rahul Kotecha | Dec, 2021 | Python in Plain English","money, python, tech-stuff",https://python.plainenglish.io/lets-understand-important-pandas-functions-for-data-science-52f42160b8e8,"December 31, 2021 7:45 AM",No
How to Measure Stock Investment Risk and Returns with Python | by Bee Guan Teo | Python in Plain English,"money, python, tech-stuff",https://python.plainenglish.io/how-to-measure-stock-investment-risk-and-returns-with-python-5113fa895411,"December 31, 2021 7:36 AM",No
Building Your Own Twitter Analytics | Den Delimarsky,tech-stuff,https://den.dev/blog/twitter-analytics/,"December 30, 2021 6:34 PM",No
Careers Are Not Marathons Or Sprints | Den Delimarsky,"self-improvement, tech-stuff",https://den.dev/blog/career/,"December 30, 2021 6:31 PM",No
Pandas Standard Deviation: Analyse Your Data With Python,"money, python, tech-stuff",https://codefather.tech/blog/pandas-standard-deviation/,"December 30, 2021 2:21 PM",No
Prettify Your Data Structures With Pretty Print in Python – Real Python,"money, python, tech-stuff",https://realpython.com/python-pretty-print/,"December 29, 2021 12:04 PM",No
Learning Python from Scratch,"python, tech-stuff",https://tonybaloney.github.io/posts/learning-python.html#python-for-absolute-beginners,"December 29, 2021 11:58 AM",No
Python-nvd3 Documentation! — python-nvd3 0.14.2 documentation,"python, tech-stuff",http://python-nvd3.readthedocs.io/en/latest/,"December 28, 2021 3:03 PM",No
Exporting Portfolio Data from Fidelity for Analysis | by Will Keefe | InsiderFinance Wire,"money, python, tech-stuff",https://wire.insiderfinance.io/exporting-portfolio-data-from-fidelity-for-analysis-d212ac83ad99,"December 25, 2021 8:07 AM",No
NillsF blog – Page 5 – Join me in discovering the wonderful world of technology.,"azure, kubernetes, tech-stuff",https://blog.nillsf.com/index.php/page/5/,"December 25, 2021 7:43 AM",No
mjhea0/awesome-fastapi: A curated list of awesome things related to FastAPI,"money, python, tech-stuff",https://github.com/mjhea0/awesome-fastapi#paas,"December 24, 2021 3:11 AM",No
** Must read **hackingthemarkets/tradekit: a collection of open source server components and Python libraries for financial data projects and automated trading,"money, python, tech-stuff",https://github.com/hackingthemarkets/tradekit,"December 23, 2021 3:10 PM",No
Modern Javascript: Everything you missed over the last 10 years by Sandro Turriate,tech-stuff,https://turriate.com/articles/modern-javascript-everything-you-missed-over-10-years,"December 23, 2021 11:47 AM",No
What is React: A Visual Introduction For Beginners,tech-stuff,https://learnreact.design/posts/what-is-react,"December 23, 2021 7:30 AM",No
JavaScript fundamentals before learning React,tech-stuff,https://www.robinwieruch.de/javascript-fundamentals-react-requirements/,"December 23, 2021 7:15 AM",No
Pandas Datareader using Python (Tutorial),"money, python, tech-stuff",https://thecleverprogrammer.com/2021/03/22/pandas-datareader-using-python-tutorial/,"December 21, 2021 1:58 PM",No
How to learn D3.js with no coding experience | Hesham Eissa,tech-stuff,https://www.heshameissa.com/blog/learn-d3,"December 18, 2021 3:04 PM",No
Intro | learn-to-cloud,"azure, tech-stuff",https://learntocloud.guide/,"December 15, 2021 3:48 PM",No
"AWESOME RESOURCE ""MEGATHREAD Learn Kubernetes one Twitter thread at the time! Below you can find a collection of threads about Kubernetes and Kubernetes-related tech! I regularly add more, so you can follow me or @learnk8s for more updates! https://t.co/0ingxHn9vx"" / Twitter","azure, kubernetes, tech-stuff",https://twitter.com/danielepolencic/status/1298543151901155330,"November 9, 2021 12:50 PM",No
Learning The Wrong Lessons - The Irrelevant Investor,money,https://theirrelevantinvestor.com/2018/11/09/learning-the-wrong-lessons/,"October 25, 2021 1:06 PM",No
"asciinema - Record and share your terminal sessions, the right way","azuremonk, tools",https://asciinema.org/,"October 20, 2021 3:28 PM",No
Jony Ive on What He Misses Most About Steve Jobs - WSJ,miscellaneous,https://www.wsj.com/articles/jony-ive-steve-jobs-memories-10th-anniversary-11633354769?redirect=amp#click=https://t.co/gfz1wafV3P,"October 18, 2021 5:33 PM",No
Is waiting for a dip the best investment strategy? - I analyzed last 3 decades of stock market returns to determine if it makes sense to time the market! Here are the results! : r/investing,money,https://www.reddit.com/r/investing/comments/pq03ob/is_waiting_for_a_dip_the_best_investment_strategy/,"October 16, 2021 6:32 AM",No
This Two-Minute Morning Practice Will Make Your Day Better,"mind, self-improvement",http://neil.blog/,"October 3, 2021 11:34 PM",No
GitHub - Python-World/python-mini-projects: A collection of simple python mini projects to enhance your python skills,"python, tech-stuff",https://github.com/Python-World/python-mini-projects,"September 20, 2021 1:22 PM",No
Dividend History | Pay date Calendar 2019,money,https://dividendhistory.org/calendar/,"September 15, 2021 10:38 PM",No
"GitHub - bregman-arie/devops-exercises: Linux, Jenkins, AWS, SRE, Prometheus, Docker, Python, Ansible, Git, Kubernetes, Terraform, OpenStack, SQL, NoSQL, Azure, GCP, DNS, Elastic, Network, Virtualization. DevOps Interview Questions","devops, tech-stuff",https://github.com/bregman-arie/devops-exercises,"September 15, 2021 5:56 AM",No
Page title...,"mind, self-improvement",https://www.paestateplanners.com/library/PERSUASION-BOOK-LIST-2016.pdf,"September 1, 2021 12:32 PM",No
Gautam Baid’s Bookshelf: Read | Goodreads,"mind, self-improvement",https://www.goodreads.com/review/list/68796404?shelf=read,"August 19, 2021 11:06 PM",No
Free Logo Maker - Get Custom Logo Designs in Minutes | Looka,"azuremonk, tools",https://looka.com/editor/71886996,"August 18, 2021 9:46 AM",No
Best Story Wins · Collaborative Fund,"money, self-improvement",http://www.collaborativefund.com/blog/story/,"August 15, 2021 5:37 PM",No
What I Plan to Do When the Market Crashes | The Motley Fool,money,https://www.fool.com/investing/general/2013/08/19/what-i-plan-to-do-when-the-market-crashes.aspx,"August 15, 2021 5:01 PM",No
Free Advanced Options Trading Course | Option Alpha,money,https://optionalpha.com/courses/advanced-course,"August 10, 2021 12:12 AM",No
Nusi protective put collar option strategy detailed,money,https://hvm.com/wp-content/uploads/2020/10/MFM-3483AO-Nationwide-Risk-Managed-Income-ETF-Whitepaper-AT-FINAL.pdf,"August 1, 2021 10:19 PM",No
Psychology of Human Misjudgment (Transcript) by Charlie Munger,money,https://fs.blog/great-talks/psychology-human-misjudgment/,"August 1, 2021 4:45 AM",No
"""How to Guarantee a Life of Misery"" | James Clear","mind, self-improvement",https://jamesclear.com/great-speeches/how-to-guarantee-a-life-of-misery-by-charlie-munger,"August 1, 2021 12:28 AM",No
The Safal Niveshak Post | Subscription Confirmed,"mind, money, self-improvement",https://www.safalniveshak.com/the-safal-niveshak-post-subscription-confirmed/,"July 26, 2021 5:25 PM",No
How I Fight my Internet and Mobile Addiction [4 Simple Tips],"mind, self-improvement",https://pawelurbanek.com/mobile-internet-addiction-focus,"July 12, 2021 3:07 PM",No
"Why I Don’t Trade Weekly Options Anymore | by Marc Guberti | Jul, 2021 | DataDrivenInvestor",money,https://medium.datadriveninvestor.com/why-i-dont-trade-weekly-options-anymore-76d855897718,"July 12, 2021 11:17 AM",No
FinLit Documentaries and Movies.xlsx,"money, movie",https://doc-0s-2k-docs.googleusercontent.com/docs/securesc/02qb438u69ge1ss8245h9t62hrs3ga3n/9uh5gapfgc41f4shl9tf8m2gpjitgdff/1625767650000/14056660982408612574/17942963196324851979/1a8-vP5WaIvKDnXikPxOU-cK5ONs6xrLO?e=download&authuser=0&nonce=62474vsjovv9c&user=17942963196324851979&hash=23vcn9pnucjfbnv827d2bnhs3pc10bgt,"July 8, 2021 2:13 PM",No
हिन्दू धर्म की सभी धार्मिक किताबें ( Hindu Dharma Pdf Books 📖 ) – Google Drive,"meditation, mind, self-improvement",https://drive.google.com/drive/u/0/mobile/folders/1UITeiH8UbosN_f3errSrOOayaRTu0WlQ,"July 3, 2021 3:36 PM",No
Meeting Ticker,"miscellaneous, tools",https://tobytripp.github.io/meeting-ticker/,"June 27, 2021 8:04 AM",No
King Milinda's Questions and the Chariot Simile,miscellaneous,https://www.learnreligions.com/king-milindas-questions-450052,"June 22, 2021 6:53 PM",No
The Art of Storytelling – Azuredan,"azure, self-improvement, tech-stuff",https://www.azuredan.co.uk/the-art-of-storytelling/,"June 21, 2021 10:50 AM",No
https://youtube.com/watch?v=jWd9_R9Ka-0&feature=share,,,"June 18, 2021 12:46 PM",No
Searchable recommendations archive | Barbara Oakley,"mind, self-improvement",https://barbaraoakley.com/recommendations/book-recommendations/,"June 10, 2021 10:41 AM",No
Photopea | Online Photo Editor,"miscellaneous, tools",https://www.photopea.com/,"June 9, 2021 6:40 PM",No
Kubetools - A Curated List of Kubernetes Tools | kubetools,"kubernetes, tech-stuff",https://collabnix.github.io/kubetools/,"June 1, 2021 3:20 PM",No
"GitHub - gothinkster/realworld: ""The mother of all demo apps"" — Exemplary fullstack Medium.com clone powered by React, Angular, Node, Django, and many more 🏅",tech-stuff,https://github.com/gothinkster/realworld,"May 29, 2021 12:24 PM",No
"microsoft/WhatTheHack: A collection of challenge based hack-a-thons including student guide, coach guide, lecture presentations, sample/instructional code and templates.","azure, devops, kubernetes, tech-stuff",https://github.com/microsoft/WhatTheHack,"May 27, 2021 2:32 PM",No
lastcoolnameleft/architecture-assessment: Questions to ask during an Architecture Design Session,"azure, kubernetes, tech-stuff",https://github.com/lastcoolnameleft/architecture-assessment,"May 27, 2021 2:31 PM",No
PowerShell to C# and back - Classes | Ridicurious.com,"powershell, tech-stuff",https://ridicurious.com/2020/06/29/powershell-to-csharp-and-back-classes/,"May 24, 2021 10:00 PM",No
"Getting Real: The smarter, faster, easier way to build a successful web application | Basecamp",tech-stuff,https://basecamp.com/books/getting-real,"May 24, 2021 9:34 PM",No
Books - Learnshots,"health, mind, money, self-improvement, tech-stuff",https://learnshots.app/books/,"May 24, 2021 9:29 PM",No
Blog about what you've struggled with,"mind, self-improvement",https://jvns.ca/blog/2021/05/24/blog-about-what-you-ve-struggled-with/,"May 24, 2021 2:20 PM",No
Biggest Bang For Your Buck In Time Trial Equipment - CyclingTips,"biking, health",https://cyclingtips.com/2010/04/biggest-bang-for-your-buck-in-time-trial-equipment/,"May 20, 2021 2:22 PM",No
Do you need an aero road bike? | The Pro's Closet,"biking, health",https://www.theproscloset.com/blogs/news/do-you-need-an-aero-road-bike,"May 20, 2021 2:22 PM",No
Illustrations | unDraw,"miscellaneous, tools",https://undraw.co/illustrations,"May 20, 2021 6:35 AM",No
Smash Illustrations — Free illustrations,"miscellaneous, tools",https://freeillustrations.xyz/illustration/smash-illustrations/,"May 20, 2021 6:32 AM",No
13 Bike Trails To Cycle Through This Spring,"bike, health",https://njmonthly.com/articles/jersey-living/outdoors/happy-trails-13-bike-trails-cycle-this-spring/,"May 10, 2021 7:54 PM",No
18 Scenic Bike Trails And Paths In New Jersey,"bike, health",https://njmom.com/guide/12-scenic-bike-paths-new-jersey/,"May 10, 2021 7:51 PM",No
HTML Crash Course For Absolute Beginners - YouTube,tech-stuff,https://www.youtube.com/watch?v=UB1O30fR-EE,"May 10, 2021 11:20 AM",No
GitHub - awesome-selfhosted/awesome-selfhosted: A list of Free Software network services and web applications which can be hosted on your own servers,"DIY, Self hosting, tech-stuff",https://github.com/awesome-selfhosted/awesome-selfhosted,"May 8, 2021 1:00 PM",No
Letter to My Past Self. Reflections on the personal journey of… | by Salman Khan | Medium,"mind, self-improvement",https://medium.com/@sal_54692/hi-9af45ccc6a70,"May 5, 2021 5:06 PM",No