Name,Column,Processed,created on,rating,topics
Letter to My Past Self. Reflections on the personal journey of… | by Salman Khan | Medium,https://medium.com/@sal_54692/hi-9af45ccc6a70,No,"May 5, 2021 5:06 PM",⭐⭐⭐,"mind, self-improvement"
GitHub - awesome-selfhosted/awesome-selfhosted: A list of Free Software network services and web applications which can be hosted on your own servers,https://github.com/awesome-selfhosted/awesome-selfhosted,No,"May 8, 2021 1:00 PM",,"DIY, Self hosting, tech-stuff"
HTML Crash Course For Absolute Beginners - YouTube,https://www.youtube.com/watch?v=UB1O30fR-EE,No,"May 10, 2021 11:20 AM",,tech-stuff
18 Scenic Bike Trails And Paths In New Jersey,https://njmom.com/guide/12-scenic-bike-paths-new-jersey/,No,"May 10, 2021 7:51 PM",,"bike, health"
13 Bike Trails To Cycle Through This Spring,https://njmonthly.com/articles/jersey-living/outdoors/happy-trails-13-bike-trails-cycle-this-spring/,No,"May 10, 2021 7:54 PM",,"bike, health"
Smash Illustrations — Free illustrations,https://freeillustrations.xyz/illustration/smash-illustrations/,No,"May 20, 2021 6:32 AM",,"miscellaneous, tools"
Illustrations | unDraw,https://undraw.co/illustrations,No,"May 20, 2021 6:35 AM",,"miscellaneous, tools"
Do you need an aero road bike? | The Pro's Closet,https://www.theproscloset.com/blogs/news/do-you-need-an-aero-road-bike,No,"May 20, 2021 2:22 PM",,"biking, health"
Biggest Bang For Your Buck In Time Trial Equipment - CyclingTips,https://cyclingtips.com/2010/04/biggest-bang-for-your-buck-in-time-trial-equipment/,No,"May 20, 2021 2:22 PM",,"biking, health"
Blog about what you've struggled with,https://jvns.ca/blog/2021/05/24/blog-about-what-you-ve-struggled-with/,No,"May 24, 2021 2:20 PM",,"mind, self-improvement"
Books - Learnshots,https://learnshots.app/books/,No,"May 24, 2021 9:29 PM",,"health, mind, money, self-improvement, tech-stuff"
"Getting Real: The smarter, faster, easier way to build a successful web application | Basecamp",https://basecamp.com/books/getting-real,No,"May 24, 2021 9:34 PM",,tech-stuff
PowerShell to C# and back - Classes | Ridicurious.com,https://ridicurious.com/2020/06/29/powershell-to-csharp-and-back-classes/,No,"May 24, 2021 10:00 PM",,"powershell, tech-stuff"
lastcoolnameleft/architecture-assessment: Questions to ask during an Architecture Design Session,https://github.com/lastcoolnameleft/architecture-assessment,No,"May 27, 2021 2:31 PM",,"azure, kubernetes, tech-stuff"
"microsoft/WhatTheHack: A collection of challenge based hack-a-thons including student guide, coach guide, lecture presentations, sample/instructional code and templates.",https://github.com/microsoft/WhatTheHack,No,"May 27, 2021 2:32 PM",⭐⭐⭐⭐⭐,"azure, devops, kubernetes, tech-stuff"
"GitHub - gothinkster/realworld: ""The mother of all demo apps"" — Exemplary fullstack Medium.com clone powered by React, Angular, Node, Django, and many more 🏅",https://github.com/gothinkster/realworld,No,"May 29, 2021 12:24 PM",,tech-stuff
Kubetools - A Curated List of Kubernetes Tools | kubetools,https://collabnix.github.io/kubetools/,No,"June 1, 2021 3:20 PM",,"kubernetes, tech-stuff"
Photopea | Online Photo Editor,https://www.photopea.com/,No,"June 9, 2021 6:40 PM",,"miscellaneous, tools"
Searchable recommendations archive | Barbara Oakley,https://barbaraoakley.com/recommendations/book-recommendations/,No,"June 10, 2021 10:41 AM",,"mind, self-improvement"
https://youtube.com/watch?v=jWd9_R9Ka-0&feature=share,,No,"June 18, 2021 12:46 PM",,
The Art of Storytelling – Azuredan,https://www.azuredan.co.uk/the-art-of-storytelling/,No,"June 21, 2021 10:50 AM",,"azure, self-improvement, tech-stuff"
King Milinda's Questions and the Chariot Simile,https://www.learnreligions.com/king-milindas-questions-450052,No,"June 22, 2021 6:53 PM",,miscellaneous
Meeting Ticker,https://tobytripp.github.io/meeting-ticker/,No,"June 27, 2021 8:04 AM",,"miscellaneous, tools"
हिन्दू धर्म की सभी धार्मिक किताबें ( Hindu Dharma Pdf Books 📖 ) – Google Drive,https://drive.google.com/drive/u/0/mobile/folders/1UITeiH8UbosN_f3errSrOOayaRTu0WlQ,No,"July 3, 2021 3:36 PM",,"meditation, mind, self-improvement"
FinLit Documentaries and Movies.xlsx,https://doc-0s-2k-docs.googleusercontent.com/docs/securesc/02qb438u69ge1ss8245h9t62hrs3ga3n/9uh5gapfgc41f4shl9tf8m2gpjitgdff/1625767650000/14056660982408612574/17942963196324851979/1a8-vP5WaIvKDnXikPxOU-cK5ONs6xrLO?e=download&authuser=0&nonce=62474vsjovv9c&user=17942963196324851979&hash=23vcn9pnucjfbnv827d2bnhs3pc10bgt,No,"July 8, 2021 2:13 PM",,"money, movie"
"Why I Don’t Trade Weekly Options Anymore | by Marc Guberti | Jul, 2021 | DataDrivenInvestor",https://medium.datadriveninvestor.com/why-i-dont-trade-weekly-options-anymore-76d855897718,No,"July 12, 2021 11:17 AM",,money
How I Fight my Internet and Mobile Addiction [4 Simple Tips],https://pawelurbanek.com/mobile-internet-addiction-focus,No,"July 12, 2021 3:07 PM",,"mind, self-improvement"
The Safal Niveshak Post | Subscription Confirmed,https://www.safalniveshak.com/the-safal-niveshak-post-subscription-confirmed/,No,"July 26, 2021 5:25 PM",,"mind, money, self-improvement"
"""How to Guarantee a Life of Misery"" | James Clear",https://jamesclear.com/great-speeches/how-to-guarantee-a-life-of-misery-by-charlie-munger,No,"August 1, 2021 12:28 AM",,"mind, self-improvement"
Psychology of Human Misjudgment (Transcript) by Charlie Munger,https://fs.blog/great-talks/psychology-human-misjudgment/,No,"August 1, 2021 4:45 AM",,money
Nusi protective put collar option strategy detailed,https://hvm.com/wp-content/uploads/2020/10/MFM-3483AO-Nationwide-Risk-Managed-Income-ETF-Whitepaper-AT-FINAL.pdf,No,"August 1, 2021 10:19 PM",,money
Free Advanced Options Trading Course | Option Alpha,https://optionalpha.com/courses/advanced-course,No,"August 10, 2021 12:12 AM",,money
What I Plan to Do When the Market Crashes | The Motley Fool,https://www.fool.com/investing/general/2013/08/19/what-i-plan-to-do-when-the-market-crashes.aspx,No,"August 15, 2021 5:01 PM",,money
Best Story Wins · Collaborative Fund,http://www.collaborativefund.com/blog/story/,No,"August 15, 2021 5:37 PM",,"money, self-improvement"
Free Logo Maker - Get Custom Logo Designs in Minutes | Looka,https://looka.com/editor/71886996,No,"August 18, 2021 9:46 AM",,"azuremonk, tools"
Gautam Baid’s Bookshelf: Read | Goodreads,https://www.goodreads.com/review/list/68796404?shelf=read,No,"August 19, 2021 11:06 PM",,"mind, self-improvement"
Page title...,https://www.paestateplanners.com/library/PERSUASION-BOOK-LIST-2016.pdf,No,"September 1, 2021 12:32 PM",,"mind, self-improvement"
"GitHub - bregman-arie/devops-exercises: Linux, Jenkins, AWS, SRE, Prometheus, Docker, Python, Ansible, Git, Kubernetes, Terraform, OpenStack, SQL, NoSQL, Azure, GCP, DNS, Elastic, Network, Virtualization. DevOps Interview Questions",https://github.com/bregman-arie/devops-exercises,No,"September 15, 2021 5:56 AM",,"devops, tech-stuff"
Dividend History | Pay date Calendar 2019,https://dividendhistory.org/calendar/,No,"September 15, 2021 10:38 PM",,money
GitHub - Python-World/python-mini-projects: A collection of simple python mini projects to enhance your python skills,https://github.com/Python-World/python-mini-projects,No,"September 20, 2021 1:22 PM",,"python, tech-stuff"
This Two-Minute Morning Practice Will Make Your Day Better,http://neil.blog/,No,"October 3, 2021 11:34 PM",,"mind, self-improvement"
Is waiting for a dip the best investment strategy? - I analyzed last 3 decades of stock market returns to determine if it makes sense to time the market! Here are the results! : r/investing,https://www.reddit.com/r/investing/comments/pq03ob/is_waiting_for_a_dip_the_best_investment_strategy/,No,"October 16, 2021 6:32 AM",,money
Jony Ive on What He Misses Most About Steve Jobs - WSJ,https://www.wsj.com/articles/jony-ive-steve-jobs-memories-10th-anniversary-11633354769?redirect=amp#click=https://t.co/gfz1wafV3P,No,"October 18, 2021 5:33 PM",,miscellaneous
"asciinema - Record and share your terminal sessions, the right way",https://asciinema.org/,No,"October 20, 2021 3:28 PM",,"azuremonk, tools"
Learning The Wrong Lessons - The Irrelevant Investor,https://theirrelevantinvestor.com/2018/11/09/learning-the-wrong-lessons/,No,"October 25, 2021 1:06 PM",,money
"AWESOME RESOURCE ""MEGATHREAD Learn Kubernetes one Twitter thread at the time! Below you can find a collection of threads about Kubernetes and Kubernetes-related tech! I regularly add more, so you can follow me or @learnk8s for more updates! https://t.co/0ingxHn9vx"" / Twitter",https://twitter.com/danielepolencic/status/1298543151901155330,No,"November 9, 2021 12:50 PM",,"azure, kubernetes, tech-stuff"
Intro | learn-to-cloud,https://learntocloud.guide/,No,"December 15, 2021 3:48 PM",,"azure, tech-stuff"
How to learn D3.js with no coding experience | Hesham Eissa,https://www.heshameissa.com/blog/learn-d3,No,"December 18, 2021 3:04 PM",,tech-stuff
Pandas Datareader using Python (Tutorial),https://thecleverprogrammer.com/2021/03/22/pandas-datareader-using-python-tutorial/,No,"December 21, 2021 1:58 PM",,"money, python, tech-stuff"
JavaScript fundamentals before learning React,https://www.robinwieruch.de/javascript-fundamentals-react-requirements/,No,"December 23, 2021 7:15 AM",,tech-stuff
What is React: A Visual Introduction For Beginners,https://learnreact.design/posts/what-is-react,No,"December 23, 2021 7:30 AM",,tech-stuff
Modern Javascript: Everything you missed over the last 10 years by Sandro Turriate,https://turriate.com/articles/modern-javascript-everything-you-missed-over-10-years,No,"December 23, 2021 11:47 AM",,tech-stuff
** Must read **hackingthemarkets/tradekit: a collection of open source server components and Python libraries for financial data projects and automated trading,https://github.com/hackingthemarkets/tradekit,No,"December 23, 2021 3:10 PM",,"money, python, tech-stuff"
mjhea0/awesome-fastapi: A curated list of awesome things related to FastAPI,https://github.com/mjhea0/awesome-fastapi#paas,No,"December 24, 2021 3:11 AM",,"money, python, tech-stuff"
NillsF blog – Page 5 – Join me in discovering the wonderful world of technology.,https://blog.nillsf.com/index.php/page/5/,No,"December 25, 2021 7:43 AM",,"azure, kubernetes, tech-stuff"
Exporting Portfolio Data from Fidelity for Analysis | by Will Keefe | InsiderFinance Wire,https://wire.insiderfinance.io/exporting-portfolio-data-from-fidelity-for-analysis-d212ac83ad99,No,"December 25, 2021 8:07 AM",,"money, python, tech-stuff"
Python-nvd3 Documentation! — python-nvd3 0.14.2 documentation,http://python-nvd3.readthedocs.io/en/latest/,No,"December 28, 2021 3:03 PM",,"python, tech-stuff"
Learning Python from Scratch,https://tonybaloney.github.io/posts/learning-python.html#python-for-absolute-beginners,No,"December 29, 2021 11:58 AM",,"python, tech-stuff"
Prettify Your Data Structures With Pretty Print in Python – Real Python,https://realpython.com/python-pretty-print/,No,"December 29, 2021 12:04 PM",,"money, python, tech-stuff"
Pandas Standard Deviation: Analyse Your Data With Python,https://codefather.tech/blog/pandas-standard-deviation/,No,"December 30, 2021 2:21 PM",⭐⭐⭐⭐,"money, python, tech-stuff"
Careers Are Not Marathons Or Sprints | Den Delimarsky,https://den.dev/blog/career/,No,"December 30, 2021 6:31 PM",,"self-improvement, tech-stuff"
Building Your Own Twitter Analytics | Den Delimarsky,https://den.dev/blog/twitter-analytics/,No,"December 30, 2021 6:34 PM",,tech-stuff
How to Measure Stock Investment Risk and Returns with Python | by Bee Guan Teo | Python in Plain English,https://python.plainenglish.io/how-to-measure-stock-investment-risk-and-returns-with-python-5113fa895411,No,"December 31, 2021 7:36 AM",,"money, python, tech-stuff"
"Let’s Understand the Important Pandas Functions for Data Science | by Rahul Kotecha | Dec, 2021 | Python in Plain English",https://python.plainenglish.io/lets-understand-important-pandas-functions-for-data-science-52f42160b8e8,No,"December 31, 2021 7:45 AM",⭐⭐⭐⭐⭐,"money, python, tech-stuff"
FastAPI Handle Form Data & Upload Files - YouTube,https://www.youtube.com/watch?v=Ofesfy686jY&list=PL0lYY7rL__yJKvrhuIae-SHY7bZm9Vasb&index=5,No,"December 31, 2021 2:08 PM",⭐⭐⭐⭐⭐,"money, python, tech-stuff"
How I get options data for free,https://www.freecodecamp.org/news/how-i-get-options-data-for-free-fba22d395cc8/amp/,No,"January 1, 2022 7:48 AM",,"money, python, tech-stuff"
What A World · Collaborative Fund,https://www.collaborativefund.com/blog/what-a-world/,No,"January 22, 2022 8:09 PM",,money
nip.io - wildcard DNS for any IP Address,https://nip.io/,No,"February 3, 2022 12:08 PM",,tech-stuff
AKV CSI notes,https://rakirahman.notion.site/AKV-CSI-notes-769866bbac854efca5419a34f19ad4c4,No,"February 3, 2022 1:56 PM",,"azure, kubernetes, tech-stuff"
The easy (and nice) way to do CLI apps in Python | Thomas Stringer,https://trstringer.com/easy-and-nice-python-cli/,No,"February 7, 2022 2:59 PM",,"azure, python, tech-stuff"
Azure Consumption Summary from the Command Line | Thomas Stringer,https://trstringer.com/az-consumption-summary-cli/,No,"February 7, 2022 2:59 PM",,"azure, tech-stuff"
Authenticate to Azure from Python | Thomas Stringer,https://trstringer.com/authenticate-python-to-azure/,No,"February 7, 2022 2:59 PM",⭐⭐⭐⭐,"azure, tech-stuff"
Immersion Workshops Azure Cloud Native,https://partner.microsoft.com/en-us/asset/collection/AIW-CloudNativeApps#/,No,"February 9, 2022 7:04 PM",,"azure, tech-stuff"
Latency in Blob storage - Azure Storage | Microsoft Docs,https://docs.microsoft.com/en-us/azure/storage/blobs/storage-blobs-latency,No,"February 11, 2022 7:18 AM",,"azure, tech-stuff"
Caching in a nutshell,https://www.linkedin.com/feed/update/activity:6898685610484203520,No,"February 13, 2022 3:42 PM",,tech-stuff
Grokking Algorithms,https://edu.anarcho-copy.org/Algorithm/grokking-algorithms-illustrated-programmers-curious.pdf,No,"February 13, 2022 7:49 PM",,tech-stuff
adit.io,https://adit.io/,No,"February 13, 2022 7:49 PM",,miscellaneous
Anita Dakhe - power of thrift -On meditation • The Power of Thrift,https://thepowerofthrift.com/on-meditation/,No,"February 22, 2022 6:44 AM",,money
Pmarchive · Pmarca Guide to Career Planning: Introduction,https://fictivekin.github.io/pmarchive-jekyll//guide_to_career_planning_part0.html,No,"March 2, 2022 6:07 PM",,"miscellaneous, tech-stuff"
Espp sale guidance fidelity,https://communications.fidelity.com/sps_library/docs/bro-tax-espp-click.pdf,No,"March 3, 2022 8:46 AM",,money
Total return calculator stocks,https://dqydj.com/etf-return-calculator/,No,"March 4, 2022 11:33 AM",,money
StockComps - the easy way to compare investments,https://stockcomps.com/home,No,"March 4, 2022 11:34 AM",,money
"January Effect, Etc: Which Months are Best (and Worst) for the Stock Market?",http://www.moneychimp.com/features/monthly_returns.htm,No,"March 10, 2022 7:44 AM",,money
Kubernetes Ingress Tutorial: Beginners Series,https://devopscube.com/kubernetes-ingress-tutorial/,No,"March 20, 2022 4:51 PM",,
How To Configure Ingress TLS/SSL Certificates In Kubernetes,https://devopscube.com/configure-ingress-tls-kubernetes/,No,"March 20, 2022 4:52 PM",,"kubernetes, tech-stuff"
Good blog Private Link and Azure Monitor: what is an AMPLS? – Cloudtrooper,https://blog.cloudtrooper.net/2022/03/11/private-link-and-azure-monitor-what-is-an-ampls/,No,"March 21, 2022 7:00 PM",,"azure, tech-stuff"
Steve Jobs: The Lost Interview from 1995 (2012) - YouTube,https://www.youtube.com/watch?v=aJzmlohbY60,No,"March 23, 2022 9:45 AM",,miscellaneous
6 Important things you need to run Kubernetes in production,https://www.pionative.com/post/6-important-things-you-need-to-run-kubernetes-in-production,No,"March 24, 2022 5:58 AM",,"kubernetes, tech-stuff"
good k8s blog Karan Sharma | kubectl wait,https://mrkaran.dev/posts/kubectl-wait/,No,"March 28, 2022 12:49 PM",,"azure, kubernetes, tech-stuff"
Auto-scaling + Kubernetes = KEDA — Part 2 | by Evgeny Grishchenko | Dev Genius,https://blog.devgenius.io/auto-scaling-kubernetes-keda-part-2-72fb3fc21c27,No,"April 11, 2022 8:27 PM",,"azure, kubernetes, tech-stuff"
Create Azure Functions on Linux using a custom image | Microsoft Docs,https://docs.microsoft.com/en-us/azure/azure-functions/functions-create-function-linux-custom-image?tabs=in-process%2Cbash%2Cazure-cli&pivots=programming-language-python,No,"April 11, 2022 8:33 PM",,"azure, tech-stuff"
Azure Functions with Docker? …What? Let me tell you! | by Marcelo Agustin Beghé | Medium,https://medium.com/@marcelo.beghe/azure-functions-with-docker-what-let-me-tell-you-315264caf1f9,No,"April 11, 2022 8:37 PM",,"azure, tech-stuff"
ibonds interest rate,https://www.treasurydirect.gov/indiv/research/indepth/ibonds/IBondRateChart.pdf,No,"April 12, 2022 3:39 PM",,money
cloudnloud/interview-questions,https://github.com/cloudnloud/interview-questions,No,"April 13, 2022 1:40 PM",,"devops, tech-stuff"
MichaelCade/90DaysOfDevOps: This repository is my documenting repository for learning the world of DevOps. I started this journey on the 1st January 2022 and I plan to run to March 31st for a complete 90-day romp on spending an hour a day including weekends to get a foundational knowledge across a lot of different areas that make up DevOps.,https://github.com/MichaelCade/90DaysOfDevOps?s=09,No,"April 20, 2022 5:42 PM",,"devops, tech-stuff"
"Eddie villalba- Suggested Readings, Links, Podcasts and other Sundry Items for the Burgeoning Cloud Architect | Evillgenius75 Gitpage",https://evillgenius75.github.io/posts/04252022-archibooks/,No,"April 26, 2022 11:00 AM",,"azure, kubernetes, tech-stuff"
"Build, test, and deploy containers to Azure Kubernetes Service using GitHub Actions - Azure Kubernetes Service | Microsoft Docs",https://docs.microsoft.com/en-us/azure/aks/kubernetes-action,No,"May 3, 2022 12:39 PM",,"azure, kubernetes, tech-stuff"
Azure Firewall’s sidekick to join the BGP superheroes – Cloudtrooper,https://blog.cloudtrooper.net/2022/05/02/azure-firewalls-sidekick-to-join-the-bgp-superheroes/,No,"May 3, 2022 4:51 PM",,azure
pythion in one image,https://twitter.com/Saransh1683/status/1520848051476176896/photo/1,No,"May 4, 2022 9:53 AM",,"python, tech-stuff"
Introducing AzAPI provider and aztfy previews,https://techcommunity.microsoft.com/t5/azure-tools-blog/announcing-azure-terrafy-and-azapi-terraform-provider-previews/ba-p/3270937,No,"May 4, 2022 6:57 PM",,"azure, tech-stuff"
Free course - Hybrid Calisthenics,https://www.hybridcalisthenics.com/wall-pushups,No,"May 16, 2022 1:11 PM",,health
"My Bear Market Survival Guide - Here’s my playbook for surviving a bear market:
I try to be healthy. Eat right. Exercise. Get enough sleep at night.
This stuff might not feel important but it helps",https://awealthofcommonsense.com/2022/05/my-bear-market-survival-guide/,No,"May 20, 2022 9:38 AM",,money
Awesome summary free books The Rabbit Hole – Jump In.,https://blas.com/,No,"May 25, 2022 5:59 PM",,"mind, self-improvement"
Morgan Housel recommended books list (24 books),https://www.goodreads.com/list/show/145003.Morgan_Housel_recommended_books_list,No,"May 26, 2022 8:22 AM",,"mind, self-improvement"
The 50 Most Popular Party Spots in New York City,https://debarghyadas.com/writes/the-50-most-popular-party-spots-in-new-york-city/,No,"June 18, 2022 9:56 AM",,"food, travel"
Debarghya Das,https://debarghyadas.com/reads/,No,"June 18, 2022 9:58 AM",,miscellaneous
My Favorite Film For Each Year of My Life: movies,https://www.reddit.com/r/movies/comments/9cjj85/my_favorite_film_for_each_year_of_my_life/,No,"June 18, 2022 10:26 AM",,movie
Make It Mine's Customizable PopBox™ - Gift idea,https://www.makeitmine.co/products/popbox?currency=USD&utm_medium=cpc&utm_source=google&utm_campaign=Google%20Shopping&nbt=nb%3Aadwords%3Au%3A15609278339%3A130467522199%3A570274987196&nb_adtype=&nb_kwd=&nb_ti=pla-1594562141967&nb_mi=128581363&nb_pc=online&nb_pi=shopify_US_2216329183291_40062121607213&nb_ppi=1594562141967&nb_placement=&nb_si={sourceid}&nb_li_ms=&nb_lp_ms=&nb_fii=&nb_ap=&nb_mt=&gclid=CjwKCAjwtcCVBhA0EiwAT1fY77oyAytKSv3FJyJ-AuJ9AefBfyMXQuDuUiF82_w7GoEU-MOeoiukPhoCzVgQAvD_BwE,No,"June 20, 2022 3:41 PM",,miscellaneous
AWESOME resource - GBB Networking Hub,https://azuregbb.github.io/,No,"June 23, 2022 9:29 AM",,"azure, tech-stuff"
"Alex Brogan on Twitter: ""10 of the most useful websites on the internet (that you’ve probably never heard of):"" / Twitter",https://twitter.com/_alexbrogan/status/1540685028308398080,No,"July 10, 2022 8:27 PM",,miscellaneous
"Jon Brosio on Twitter: ""Master psychology and you can print money at will. Sadly, most people don't know how or where to start. Here are 14 documentaries that will teach you more about psychology than a four-year degree:"" / Twitter",https://mobile.twitter.com/jonbrosio/status/1550118413229367296,No,"July 22, 2022 7:05 AM",,"mind, self-improvement"
A Guide to Navigating the AKS Enterprise Documentation & Scripts – Buchatech.com,https://www.buchatech.com/2022/08/a-guide-to-navigating-the-aks-enterprise-documentation-scripts/,No,"August 8, 2022 4:21 PM",,"azure, kubernetes, tech-stuff"
How to Be a Better Student by Unlocking the Amazing Power of Your Brain | Better Humans,https://betterhumans.pub/how-to-unlock-the-amazing-power-of-your-brain-and-become-a-top-student-369e5ba59484,No,"August 12, 2022 3:08 PM",,"mind, self-improvement"
"Slow-Reading is the New Deep Learning | by David Handel, MD | Better Humans",https://betterhumans.pub/slow-reading-is-the-new-deep-learning-452f179c0289,No,"August 12, 2022 3:09 PM",,"mind, self-improvement"
"How To Read Academic Content Once and Remember it Forever | by David Handel, MD | Better Humans",https://betterhumans.pub/how-to-read-academic-content-once-and-remember-it-forever-e44f26d82566,No,"August 12, 2022 3:11 PM",,"mind, self-improvement"
"GitHub - GoogleCloudPlatform/microservices-demo: Sample cloud-native application with 10 microservices showcasing Kubernetes, Istio, gRPC and OpenCensus.",https://github.com/GoogleCloudPlatform/microservices-demo,No,"August 24, 2022 5:51 PM",,"Gcp, tech-stuff"
Azure Network Security Ninja Training - Microsoft Tech Community,https://techcommunity.microsoft.com/t5/azure-network-security-blog/azure-network-security-ninja-training/ba-p/2356101,No,"August 29, 2022 3:16 PM",,"azure, tech-stuff"
Git's database internals II: commit history queries | The GitHub Blog,https://github.blog/2022-08-30-gits-database-internals-ii-commit-history-queries/,No,"August 31, 2022 7:05 AM",,tech-stuff
Office Exercises: 30 Exercises to Do at Your Desk,https://www.healthline.com/health/fitness/office-exercises,No,"August 31, 2022 7:16 AM",,health
"40 stories at 40 Ravishankar iyer ",https://attachments.convertkitcdnn2.com/416218/7dc01ab6-d028-497e-9c41-3c4c0268262c/40%20Stories%20At%2040%20Compilation.pdf#page26,No,"September 5, 2022 1:46 PM",,self-improvement
Collections - GitHubTraining | Microsoft Docs,https://docs.microsoft.com/en-us/users/githubtraining/collections/mom7u1gzjdxw03,No,"September 10, 2022 5:37 PM",,"azure, tech-stuff"
Pandas cheat sheet data frame,https://pandas.pydata.org/Pandas_Cheat_Sheet.pdf,No,"September 10, 2022 6:07 PM",,tech-stuff
Comparison of migration tools in Azure File Migration Program | Microsoft Docs,https://docs.microsoft.com/en-us/azure/storage/solution-integration/validated-partners/data-management/azure-file-migration-program-solutions,No,"September 12, 2022 7:14 AM",,"azure, tech-stuff"
Source Control Ninja Level - Pt. 2 Beginnings,https://www.shankuehn.io/post/source-control-ninja-level-pt-2-beginnings,No,"September 14, 2022 4:43 PM",,tech-stuff
Zone 2 Heart Rate Training For Longevity and Performance,https://www.howardluksmd.com/zone-2-hr-training-live-longer-less-injury/,No,"September 20, 2022 9:55 AM",,health
Happiness Engineering - Scott Adams Says,https://www.scottadamssays.com/happiness-engineering/,No,"September 20, 2022 8:05 PM",,"mind, self-improvement"
Self Talk - Scott Adams Says,https://www.scottadamssays.com/self-talk/,No,"September 20, 2022 8:07 PM",,"mind, self-improvement"
Creativity - Scott Adams Says,https://www.scottadamssays.com/creativity/,No,"September 20, 2022 8:09 PM",,"mind, self-improvement"
How to Get More Time – Of Dollars And Data,https://ofdollarsanddata.com/how-to-get-more-time/,No,"September 23, 2022 9:09 PM",,money
Examples · Diagrams as Code,https://diagrams.mingrammer.com/docs/getting-started/examples,No,"September 26, 2022 11:27 AM",,tech-stuff
Brainboard · GitHub Marketplace,https://github.com/marketplace/brainboard,No,"September 26, 2022 11:27 AM",,tech-stuff
Terraform Visual,https://hieven.github.io/,No,"September 26, 2022 11:27 AM",,tech-stuff
28mm/blast-radius: Interactive visualizations of Terraform dependency graphs using d3.js,https://github.com/28mm/blast-radius,No,"September 26, 2022 11:28 AM",,tech-stuff
Jerry Seinfeld said daily meditation and lifting weights have completely changed his life - Upworthy,https://www.upworthy.com/amp/jerry-seinfeld-shared-the-two-habits-he-believes-can-solve-just-about-anyones-life-2649752114,No,"October 10, 2022 6:17 AM",,"health, mind"
DoNotPay - The World's First Robot Lawyer,https://donotpay.com/,No,"October 24, 2022 6:29 PM",,"miscellaneous, tools"
Write It While It's Hot,https://salman.io/blog/write-it-while-its-hot/,No,"October 27, 2022 8:12 PM",,miscellaneous
12ft | Selling OTM Covered Calls Systematically: A 30-Year Backtest | Seeking Alpha,https://12ft.io/proxy?q=https://seekingalpha.com/article/4353418-selling-otm-covered-calls-systematically-30-year-backtest,No,"November 1, 2022 8:59 PM",,money
"Journey Of The Geek | The chronicles of a Bostonian tech geek navigating through life, technology, and general geekiness.",https://journeyofthegeek.com/,No,"November 4, 2022 12:25 PM",,"azure, tech-stuff"
Kusto Detective Agency,https://detective.kusto.io/inbox,No,"November 7, 2022 7:11 PM",,"azure, tech-stuff"
Cybersecurity resources,https://www.linkedin.com/feed/update/activity:6997255890785505281,No,"November 13, 2022 5:54 PM",,tech-stuff
Workload identity on AKS with Python: boring – Cloudtrooper,https://blog.cloudtrooper.net/2022/11/19/workload-identity-on-aks-with-python-boring/,No,"November 25, 2022 12:10 AM",,"azure, tech-stuff"
"What I Read, and Why | Jason Zweig",https://jasonzweig.com/what-i-read-and-why/,No,"November 26, 2022 6:29 PM",,mind
Attention · Collab Fund,https://collabfund.com/blog/attention/,No,"November 26, 2022 6:37 PM",,mind
Re-thinking our relationship with alcohol - by Greg Campion,https://gregcampion.substack.com/p/re-thinking-our-relationship-with,No,"November 27, 2022 12:42 AM",,health
"Mitochondria as chi - bm hedge ",https://watermark.silverchair.com/genetics0727.pdf?token=AQECAHi208BE49Ooan9kkhW_Ercy7Dm3ZL_9Cf3qfKAc485ysgAAAtkwggLVBgkqhkiG9w0BBwagggLGMIICwgIBADCCArsGCSqGSIb3DQEHATAeBglghkgBZQMEAS4wEQQM5i08fioJfk4gpOwpAgEQgIICjJFz84klhK_Cf_xZM3B2_IfitXjvzBltBcZT1v_0CVzt02az2_tJiMekTSRs86yHp6yhfGdBEOiVtGY-ugOeSYwQ0jmdjxiNz1jI8qyg9wRoQmPD69Bwrct9EZDYICkH21ZDa6KCYg74hwuFguWuYcWuHA8qrisEWqKpT6sNEyAjQoesJdiN5rGlqQBdu0Gbh46we_kZUpwkSSTVrXevEcl8PJO8VmFTMwEbMCAhdzxkbtDUknNQYzLuYMl4voy0aAWz5K_Dtt7dRLpNBqMGD4rGqwKoFTBKV0eRuM-rGrjaqjv2Yk5K7n2CTrFw5rXaiUGNoaKQu7E0cguOiAPuofqJvyrk_2Zaue4JURPF7ni_D9k0Y2MvMheonT9B2nncRb3IZS9u9upbQ70R0PV_O18DU3FaCKgdBVjwZgvPIiogSyYiNfOIW1NMCDLVdBAreOIcsaXVnhfnEU1Tv4pY2QhClk7V5CsJi3YFpxosR6kH9uny4X7msxkWxA_6j9gpjVTps-VYNT2dyGHbFcYm2L9N_uj4hoM1b96MkUjmzTVnQfJtylQgBHXoDviwJ3f0TpqE-xoOmuUxNJGHxd4stXIVf3jvxbAFI0G2S6LfirTLw6EvV2Fc_6KhyDNza37tDFbAFlYJ78uFmfzto1ck4d-PAGhIwhnqWr0eU_opgEFaNMhF3sJ1vrbQI_Ls_Aq1TBFMHg83f21PvJJHLrSJin3fAivFHteLqni6peN5HPMuX8nI5oBKBO1PyAsOijhoNfRpo89fbCiBVPOUquQfOqvNNdCcgBcy-j0603Esy544wkePle-9E7o3Jt03M4INsyNFde39qxrVkx-Kw4nOneX9vjfwNXOXqkFZOt4,No,"December 27, 2022 1:51 AM",,health
networking-101-gcp-sheet/network101gcp.pdf at main · jesuispy/networking-101-gcp-sheet · GitHub,https://github.com/jesuispy/networking-101-gcp-sheet/blob/main/pdf/network101gcp.pdf,No,"December 30, 2022 8:16 PM",,"Gcp, tech-stuff"
"Are you using AKS Log Analytics?. If you’re like a lot of customers, it’s… | by Chase | Dec, 2022 | ITNEXT",https://itnext.io/are-you-using-aks-log-analytics-e0d1881dea29,No,"January 7, 2023 4:54 AM",,"azure, kubernetes, tech-stuff"
robusta-dev/kubernetes-chatgpt-bot: A ChatGPT bot for Kubernetes issues.,https://github.com/robusta-dev/kubernetes-chatgpt-bot/,No,"January 10, 2023 4:49 PM",,"kubernetes, tech-stuff"
"really cool ai tools (very helpful) ",https://www.linkedin.com/feed/update/urn:li:activity:7020911107716362240/,No,"January 17, 2023 12:27 PM",,"mind, tech-stuff, tools"
How To Remember Anything Forever-ish,https://ncase.me/remember/,No,"January 18, 2023 8:01 PM",,"mind, self-improvement, tools"
Financial data - Stratosphere.io,https://www.stratosphere.io/pricing/,No,"January 19, 2023 7:35 AM",,"money, tech-stuff"
Azure Networking is not like your on-onprem network – Cloudtrooper,https://blog.cloudtrooper.net/2023/01/21/azure-networking-is-not-like-your-on-onprem-network/,No,"January 26, 2023 5:35 PM",,"azure, tech-stuff"
Avi Chawla on LinkedIn: Pandas receives over 3M downloads per day. But 99% of its users are not… | 67 comments,https://www.linkedin.com/posts/avi-chawla_pandas-receives-over-3m-downloads-per-day-activity-7030484085068210176-XApG,No,"February 12, 2023 12:00 PM",,"python, tech-stuff"
Innerworth — Mind over markets – Varsity by Zerodha,https://zerodha.com/varsity/module/innerworth/,No,"February 13, 2023 10:51 AM",,"mind, money"
My most important things to do - Stock events app creator,https://davidkunnen.com/my-most-important-things/,No,"February 22, 2023 1:56 PM",,"health, meditation, mind, money, self-improvement"
Configuring Azure Firewall in Forced Tunneling mode - Microsoft Community Hub,https://techcommunity.microsoft.com/t5/azure-network-security-blog/configuring-azure-firewall-in-forced-tunneling-mode/ba-p/3581955,No,"February 23, 2023 11:35 AM",,"azure, azuremonk, tech-stuff"
Tod holding multi tenant saas solutions AWS,https://m.youtube.com/watch?v=rqXDSh0YZdk,No,"February 23, 2023 1:36 PM",,"azure, tech-stuff"
Architecting multi tenant saas azure,https://m.youtube.com/watch?v=aem8elgN7iI,No,"February 23, 2023 1:38 PM",,"azure, tech-stuff"
Two Years Without Health Insurance (and What I’m Doing Now) | Mr. Money Mustache,https://www.mrmoneymustache.com/2020/11/09/direct-primary-care/,No,"February 27, 2023 8:44 AM",,"bike, health, money"
"Easlo on Twitter: ""If you want to learn Notion for free, open this thread 🧵"" / Twitter",https://twitter.com/heyeaslo/status/1630394171373527041,No,"February 28, 2023 11:18 AM",,"mind, miscellaneous, productivity, tools"
Zimmergren good Azure blog,https://zimmergren.net/archive/,No,"March 1, 2023 11:49 AM",,"azure, tech-stuff"
Linux essential concepts to learn,https://www.linkedin.com/feed?trk=p_mwlite_profile_self-primary_nav,No,"March 2, 2023 9:16 AM",,"devops, linux, tech-stuff"
What is Carrier-grade NAT (CGN/CGNAT)? | Glossary | A10 Networks,https://www.a10networks.com/glossary/what-is-carrier-grade-nat-cgn-cgnat/,No,"March 2, 2023 11:46 AM",,"networking, tech-stuff"
Employment Verification (US-Based Employees Only),,No,"March 7, 2023 6:14 AM",,"job benefits, microsoft"
Impacts to Your Benefits,,No,"March 7, 2023 6:17 AM",,"job benefits, microsoft"
"Terraform Best Practices For Writing Clean, Readable, And Maintainable Code | Build5Nines",https://build5nines.com/terraform-best-practices-for-writing-clean-readable-and-maintainable-code/,No,"March 7, 2023 8:28 AM",,"devops, linux, tech-stuff, terraform"
Fundamental Investor: My Experience with Panchakarma & Ayurveda,http://www.fundamental-investor.com/2022/05/my-experience-with-panchakarma-ayurveda.html,No,"March 7, 2023 12:12 PM",,"health, mind, money, self-improvement"
"Vipassana meditation newsletter ",,No,"March 8, 2023 4:45 AM",,"meditation, mind, self-improvement"
Bhagavat Gita every chapter in one sentence summary,https://qph.cf2.quoracdn.net/main-qimg-4118170521084951b30d0182997cf14f-lq,No,"March 8, 2023 6:14 AM",,"meditation, mind, self-improvement"
15 min strength workout Nick Huber sweaty startup,https://youtube.com/watch?v=EuL017RWhT8&feature=share,No,"March 10, 2023 7:13 AM",,"health, strength"
"Nick Huber on Twitter: ""Time for a BOOK LIST. I've read over 250 self-help and business books.. Heres a list of the ones that have had the largest influence on my life and career. A thread:"" / Twitter",https://twitter.com/sweatystartup/status/1354781881317937154,No,"March 10, 2023 7:16 AM",,"mind, productivity, self-improvement"
Kubernetes networking deep dive pdf,https://more.suse.com/rs/937-DCH-261/images/DivingDeepIntoKubernetesNetworking_final.pdf,No,"March 11, 2023 7:44 AM",,"kubernetes, networking, tech-stuff"
12 Tips for Effective Technical Blogging | Thomas Stringer,https://trstringer.com/technical-blogging-tips/,No,"March 15, 2023 10:23 AM",,"creator-advice, tech-stuff"
Book recos for 2023,https://www.linkedin.com/feed/update/activity:7043315379405766657,No,"March 19, 2023 6:05 PM",,books
Byte byte go system design pdf,https://bytebyte-go.s3.amazonaws.com/ByteByteGo_LinkedIn_PDF.pdf,No,"March 20, 2023 3:42 PM",,"books, tech-stuff"
Scott Galloway mid 30s advice,,No,"March 23, 2023 10:37 AM",,"mind, self-improvement"
How to teach technical concepts with cartoons,https://jvns.ca/teach-tech-with-cartoons/,No,"March 27, 2023 3:08 PM",,"creator-advice, simplifying, tech-stuff"
Biohacking Lite,http://karpathy.github.io/2020/06/11/biohacking-lite/,No,"March 30, 2023 6:41 PM",,"health, mind, self-improvement"
Prompt engineering,https://www.linkedin.com/feed/update/urn:li:activity:7046692450446258176?utm_source=share&utm_medium=member_ios,No,"March 30, 2023 7:55 PM",,"openai, tech-stuff"
Brain Rules Book Summary by John Medina,https://www.shortform.com/summary/brain-rules-summary-john-medina?utm_source=bing&utm_medium=cpc&utm_campaign=Book%20-%20Brain%20Rules%20-%20Phrase&utm_term=john%20medina%20brain%20rules&utm_content=84731656842743&msclkid=880f71c56d4317ba1b4a15ef82f1c191,No,"April 3, 2023 11:24 AM",,"books, health, how-to-learn, mind"
"Moderate Drinking Has No Health Benefits, Analysis of Decades of Research Finds - The New York Times",https://www.nytimes.com/2023/04/04/health/alcohol-health-effects.html,No,"April 5, 2023 4:49 PM",,health
Essential cloud computing skills,https://www.linkedin.com/feed/update/activity:7050081953655521280,No,"April 8, 2023 7:26 AM",,"Gcp, tech-stuff"
"Learning JavaScript - interactive scrimba ",https://scrimba.com/learn/learnjavascript/lets-build-a-chrome-extension-co85441e3b6bd2c9eeee218bf,No,"April 8, 2023 12:38 PM",,"Javascript, tech-stuff"
openai/openai-cookbook: Examples and guides for using the OpenAI API,https://github.com/openai/openai-cookbook,No,"April 10, 2023 6:51 AM",,"openai, tech-stuff"
drively/File.svelte at master · troq/drively · GitHub,https://github.com/troq/drively/blob/master/src/js/File.svelte,No,"April 18, 2023 5:35 PM",,
"reworkd/AgentGPT: 🤖 Assemble, configure, and deploy autonomous AI Agents in your browser.",https://github.com/reworkd/AgentGPT,No,"April 19, 2023 11:20 AM",,
Illustrated introduction to Linux iptables,https://iximiuz.com/en/posts/laymans-iptables-101/,No,"April 22, 2023 10:39 AM",,
Harvard and Stanford courses,https://www.linkedin.com/feed/update/activity:7055614317005574144,No,"April 22, 2023 3:39 PM",,
Pandas DataFrame UltraQuick Tutorial.ipynb - Colaboratory,https://colab.research.google.com/github/google/eng-edu/blob/main/ml/cc/exercises/pandas_dataframe_ultraquick_tutorial.ipynb?utm_source=mlcc&utm_campaign=colab-external&utm_medium=referral&utm_content=mlcc-prework&hl=en,No,"April 22, 2023 3:44 PM",,
Machine Learning  |  Google Developers,https://developers.google.com/machine-learning/crash-course,No,"April 22, 2023 3:44 PM",,
Prompt engineering techniques with Azure OpenAI - Azure OpenAI Service | Microsoft Learn,https://learn.microsoft.com/en-us/azure/cognitive-services/openai/concepts/advanced-prompt-engineering?pivots=programming-language-chat-completions,No,"April 25, 2023 5:45 PM",,
Wondercraft AI,https://wondercraft.ai/,No,"April 28, 2023 6:36 PM",,
API Documentation | Alpha Vantage,https://www.alphavantage.co/documentation/,No,"April 30, 2023 7:38 AM",,
Top 7 Financial APIs to Try Out in 2023 | by Nikhil Adithyan | CodeX | Medium,https://medium.com/codex/top-7-financial-apis-to-try-out-in-2022-4f7b38c1fb8,No,"April 30, 2023 7:38 AM",,
Mid journey camera skills,https://www.linkedin.com/feed/update/ugcPost:7058112801831034880,No,"May 1, 2023 1:48 PM",,
JushBJJ/Mr.-Ranedeer-AI-Tutor: A GPT-4 AI Tutor Prompt for customizable personalized learning experiences.,https://github.com/JushBJJ/Mr.-Ranedeer-AI-Tutor,No,"May 2, 2023 4:47 PM",,
One thing pdf worksheet,,No,"May 4, 2023 4:10 PM",,
The absolute best video for phone addiction,,No,"May 5, 2023 8:06 AM",,
"Frontiers | Self-awareness, self-regulation, and self-transcendence (S-ART): a framework for understanding the neurobiological mechanisms of mindfulness",https://www.frontiersin.org/articles/10.3389/fnhum.2012.00296/full,No,"May 7, 2023 8:27 PM",,
The Full Story of Large Language Models and RLHF,https://www.assemblyai.com/blog/the-full-story-of-large-language-models-and-rlhf/,No,"May 9, 2023 3:04 AM",,
Scott Hanselman's Complete List of Productivity Tips - Scott Hanselman's Blog,https://www.hanselman.com/blog/scott-hanselmans-complete-list-of-productivity-tips,No,"May 9, 2023 8:13 AM",,
Step by step path for machine learning https://youtube.com/watch?v=wtolixa9XTg&feature=share,,No,"May 9, 2023 9:41 AM",,
Professional Cloud Architect Sample Questions,https://docs.google.com/forms/d/e/1FAIpQLSdvf8Xq6m0kvyIoysdr8WZYCG32WHENStftiHTSdtW4ad2-0w/viewscore?viewscore=AE0zAgBvG5WDE17-xgjc-P4zw3Q_VyjMD3vnn2vrBjY2chcSZkI6WWSvaBfIuJLCBiGB1YI,No,"May 9, 2023 7:21 PM",,
Bert explained,https://www.linkedin.com/feed/update/activity:7063824043048644609,No,"May 15, 2023 7:28 AM",,
The Mystery of the Declining U.S. Birth Rate | Econofact,https://econofact.org/the-mystery-of-the-declining-u-s-birth-rate,No,"May 17, 2023 7:19 AM",,
One-pointed Mind is Joy | The Art of Living,https://www.artofliving.org/us-en/yoga/patanjali-yogasutra/knowledge-sheet-27,No,"May 28, 2023 9:56 AM",,
Paying Attention · Collab Fund,https://collabfund.com/blog/paying-attention/,No,"June 1, 2023 3:47 PM",,
https://youtuber-two.vercel.app/dashboard/114,https://youtuber-two.vercel.app/dashboard/114,No,"June 2, 2023 6:25 AM",,
Azure Mind Map,,No,"June 5, 2023 4:07 PM",,
Overview of VPC Service Controls  |  Google Cloud,https://cloud.google.com/vpc-service-controls/docs/overview,No,"June 7, 2023 8:38 PM",,
Thread by @warikoo on Thread Reader App – Thread Reader App,https://threadreaderapp.com/thread/1263731366857973760.html,No,"June 8, 2023 9:56 AM",,
"Eastern philosophy says there is no ""self."" Science agrees",https://bigthink.com/the-well/eastern-philosophy-neuroscience-no-self/,No,"June 11, 2023 1:39 AM",,
Digital Minimalism by Cal Newport: Book Summary and Review,https://fourminutebooks.com/digital-minimalism-summary/,No,"June 11, 2023 8:06 PM",,
Book Summary: Digital Minimalism by Cal Newport,https://www.samuelthomasdavies.com/book-summaries/business/digital-minimalism/,No,"June 11, 2023 8:07 PM",,
Meditation Dr Alok (DrK) healthygamersgg,https://wiki.healthygamer.gg/en/Meditation,No,"July 7, 2023 10:33 PM",,
"GenAI key terms ",https://www.linkedin.com/feed/update/activity:7083888727315382272,No,"July 9, 2023 7:15 PM",,
Talks - Vasana Daha Tantra,https://www.himalayanacademy.com/view/gr_1999-03-29_vasana-daha-tantra,No,"July 17, 2023 1:06 PM",,
Meditation Techniques | HealthyGamer Wiki,https://wiki.healthygamer.gg/en/Meditation_Techniques,No,"July 18, 2023 10:02 PM",,
Book Summary: In Praise of Walking - The new science of how we walk and why it’s good for us,https://paminy.com/book-summary-praise-walking-new-science-how-why-good/,No,"July 28, 2023 9:52 PM",,
Dialogflow Messenger with access control  |  Contact Center AI and Dialogflow Labs  |  Google Cloud,https://cloud.google.com/dialogflow/priv/docs/labs/messenger-access-control#setup,No,"August 8, 2023 12:12 PM",,
GenAI @ YouTube - AI to Try,https://sites.google.com/corp/google.com/youtubegenerativeai/ai-to-try,No,"August 9, 2023 5:27 AM",,
Brian Feroldi Recommended Resources - Google Sheets,https://docs.google.com/spreadsheets/d/1ylxLyo_vOb60RYe_x96pH4fLoZH3U1SET2UQuBjEYb8/edit?pli=1#gid=1841532980,No,"August 15, 2023 11:28 AM",,
Learning | HealthyGamer Wiki,https://wiki.healthygamer.gg/en/Learning,No,"August 23, 2023 8:36 PM",,
Productivity | HealthyGamer Wiki,https://wiki.healthygamer.gg/en/Productivity,No,"August 23, 2023 8:37 PM",,
Confidence | HealthyGamer Wiki,https://wiki.healthygamer.gg/en/Confidence,No,"August 25, 2023 8:52 AM",,
Imposter Syndrome | HealthyGamer Wiki,https://wiki.healthygamer.gg/en/Imposter_Syndrome,No,"August 25, 2023 8:53 AM",,
Communication | HealthyGamer Wiki,https://wiki.healthygamer.gg/en/Communication,No,"August 25, 2023 8:53 AM",,
Ayurveda | HealthyGamer Wiki,https://wiki.healthygamer.gg/en/Ayurveda,No,"August 25, 2023 8:53 AM",,
Vata Dosha | HealthyGamer Wiki,https://wiki.healthygamer.gg/en/Vata,No,"August 25, 2023 8:54 AM",,
Pitta Dosha | HealthyGamer Wiki,https://wiki.healthygamer.gg/en/Pitta,No,"August 25, 2023 8:54 AM",,
Kapha Dosha | HealthyGamer Wiki,https://wiki.healthygamer.gg/en/Kapha,No,"August 25, 2023 8:54 AM",,
Suffering | HealthyGamer Wiki,https://wiki.healthygamer.gg/en/Suffering,No,"August 25, 2023 8:54 AM",,
Brain is always listening,https://files.tyndale.com/thpdata/firstchapters/978-1-4964-3820-1.pdf,No,"August 26, 2023 10:06 PM",,
Generative AI applications with Vertex AI PaLM 2 Models and LangChain | Google Cloud Blog,https://cloud.google.com/blog/products/ai-machine-learning/generative-ai-applications-with-vertex-ai-palm-2-models-and-langchain,No,"August 27, 2023 9:31 PM",,
Seiler’s Hierarchy of Endurance Training Needs – 80/20 Endurance,https://www.8020endurance.com/seilers-hierarchy-of-endurance-training-needs/,No,"September 3, 2023 8:03 PM",,
Complete Guide to Polarized Training with Dr. Stephen Seiler,https://www.fasttalklabs.com/pathways/polarized-training/,No,"September 3, 2023 8:04 PM",,
Make Something Wonderful | Steve Jobs,https://book.stevejobsarchive.com/,No,"September 6, 2023 9:40 AM",,
LangChain Tutorial in Python - Crash Course - Python Engineer,https://www.python-engineer.com/posts/langchain-crash-course/,No,"September 7, 2023 5:50 PM",,
KNN (K Nearest Neighbors) in Python - ML From Scratch 01 - Python Engineer,https://www.python-engineer.com/courses/mlfromscratch/01_knn/,No,"September 7, 2023 5:57 PM",,
Football Players Tracking | YOLOv5 + ByteTRACK | Google Colab | step-by-step Tutorial - YouTube,https://www.youtube.com/watch?v=QCG8QMhga9k,No,"September 8, 2023 4:17 PM",,
"GitHub - logspace-ai/langflow: ⛓️ Langflow is a UI for LangChain, designed with react-flow to provide an effortless way to experiment and prototype flows.",https://github.com/logspace-ai/langflow,No,"September 9, 2023 4:23 PM",,
One of the best videos on neural network understanding https://youtube.com/watch?v=aircAruvnKk&si=C1azjLtlLOc8dfdP,,No,"September 12, 2023 9:13 PM",,
Artificial Neural Network Fundamentals · AFIT Data Science Lab R Programming Guide,https://afit-r.github.io/ann_fundamentals,No,"September 13, 2023 9:29 AM",,
Yuval on meditation - watch everyday https://youtube.com/watch?v=qJTzRS2Gdj0&si=4fCc1sk1THePX_Na,,No,"September 17, 2023 10:33 AM",,
The Seven Deadly Sins of Consumer Technology,https://www.digitalnative.tech/p/the-seven-deadly-sins-of-consumer,No,"October 6, 2023 6:04 AM",,
100 Little Ideas · Collab Fund,https://collabfund.com/blog/100-little-ideas/,No,"October 6, 2023 11:19 AM",,
What is Dharma? Dharma is Not Banging Your Head Against the Wall | Buddhism.net,https://buddhism.net/posts/buddhism-for-all/b101-dharma-is-not-banging-your-head-against-the-wall/,No,"October 15, 2023 6:42 PM",,
"Waldorf curriculum ",https://www.novatocharterschool.org/wp-content/uploads/2018/05/The-Kindergarten-Curriculum-Alliance-for-Public-Waldorf-Education.pdf,No,"October 16, 2023 7:06 AM",,
Generative AI exists because of the transformer,https://ig.ft.com/generative-ai/?s=03,No,"October 17, 2023 2:41 PM",,
Gathas for Daily Living | Buddhism.net,https://buddhism.net/gathas-for-daily-living/,No,"October 28, 2023 8:05 AM",,
Short Guided Meditation | Buddhism.net,https://buddhism.net/short-guided-meditation/,No,"October 28, 2023 8:06 AM",,
Zero-shot adaptive prompting of large language models – Google Research Blog,https://blog.research.google/2023/11/zero-shot-adaptive-prompting-of-large.html?m=1,No,"November 4, 2023 7:11 AM",,
GitHub - monktastic/blog,https://github.com/monktastic/blog,No,"November 6, 2023 6:56 AM",,
Giskard - Addressing hallucinations in LLM,https://colab.research.google.com/github/giskard-ai/giskard/blob/main/docs/getting_started/quickstart/quickstart_llm.ipynb,No,"November 6, 2023 10:00 AM",,
"Thread by @rohit_jindal29, A list of interesting ideas shared by Sahil Lavingia (@shl):1/The primary function [...]",https://twtext.com/article/1262601040748261379#,No,"November 8, 2023 12:13 PM",,
Zone 2 Training: Part 1—The Basics,https://simplavida.com/zone-2-series-part-1/,No,"November 9, 2023 10:14 AM",,
The best book I read this year,https://every.to/superorganizers/the-best-book-i-read-this-year?sid=27903,No,"November 13, 2023 7:11 AM",,
Strangest Loop - doing the thing,https://strangestloop.io/essays/things-that-arent-doing-the-thing,No,"November 14, 2023 4:46 PM",,
Andrej karpathy best intro to LLM https://youtube.com/watch?v=zjkBMFhNj_g&si=c4h40hoArqYsml3D,,No,"November 23, 2023 12:20 PM",,
Little book of deep learning,https://fleuret.org/public/lbdl.pdf,No,"November 26, 2023 12:13 PM",,
GenAI content,https://www.linkedin.com/mwlite/feed/update/urn:li:activity:7135483869742456832,No,"November 29, 2023 4:57 AM",,
Deploy LangChain on Cloud Run with LangServe | Google Cloud Blog,https://cloud.google.com/blog/products/ai-machine-learning/deploy-langchain-on-cloud-run-with-langserve,No,"November 29, 2023 6:54 PM",,
Examples | AutoGen,https://microsoft.github.io/autogen/docs/Examples/,No,"November 30, 2023 3:22 PM",,
Introduction | Ragas,https://docs.ragas.io/en/latest/index.html,No,"November 30, 2023 3:22 PM",,
Indian Functional Training | Indian Strength Training | Tagda Raho,https://www.tagdaraho.in/,No,"December 4, 2023 8:45 PM",,
AI for Beginners,https://microsoft.github.io/AI-For-Beginners/,No,"December 7, 2023 10:10 AM",,
Write SQL with natural language using VerteX AI and BigQuery [solution].ipynb - Colaboratory,https://colab.research.google.com/drive/1vL8QYCj42uQrMRkCbCvGOemQgmcnygqj?usp=sharing#scrollTo=Ti1xFJdMwyh5,No,"December 8, 2023 8:16 PM",,
"Revolutionizing Web Scraping: A Leap Forward with Multimodal Language Models | by Somnath Banerjee | Dec, 2023 | Medium",https://somnath-banerjee.medium.com/revolutionizing-web-scraping-a-leap-forward-with-multimodal-language-models-96485dd17f07,No,"December 10, 2023 9:03 PM",,
"Write SQL with natural language using Vertex AI and BigQuery | by Israel Herraiz | Google Cloud - Community | Nov, 2023 | Medium",https://medium.com/google-cloud/write-sql-with-natural-language-using-vertex-ai-and-bigquery-c849559f8a5f,No,"December 11, 2023 6:21 AM",,
walk and talk | Derek Sivers,https://sive.rs/wt,No,"December 12, 2023 6:21 AM",,
g-emarco/advanced-rag,https://github.com/g-emarco/advanced-rag,No,"December 13, 2023 6:51 AM",,
multimodal rag gemini pro,https://github.com/GoogleCloudPlatform/generative-ai/blob/main/gemini/use-cases/retrieval-augmented-generation/intro_multimodal_rag.ipynb,No,"December 16, 2023 7:09 AM",,
Gemini Document Search and Semantic Retrieval with Attributed Question Answering.ipynb - Colaboratory,https://colab.research.google.com/drive/1RIDTmqj0JBVX8o7lDqLUAK9edwLwGxjF?usp=sharing,No,"December 17, 2023 2:51 PM",,
Announcing LangChain RAG Template Powered by Redis | Redis,https://redis.com/blog/announcing-langchain-rag-template-powered-by-redis/,No,"December 19, 2023 10:50 PM",,
Arnold full workout,https://cdn.shopify.com/s/files/1/0831/3680/7208/files/Arnold_Workout_Guide_2024.pdf?v=1703785356,No,"January 1, 2024 6:25 PM",,
"Intro | Putting the ""You"" in CPU",https://cpu.land/,No,"January 3, 2024 11:47 AM",,
"Power of unwavering focus notes ",,No,"January 4, 2024 9:15 PM",,
Vaman Dhauti Yoga Kriya - Simplified Hygiene Practice,https://theyogainstitute.org/vaman-dhauti-yoga-kriya-simplified-hygiene-practice/,No,"January 9, 2024 8:17 AM",,
Function Calling with Gemini API and Google Apps | Appsbroker CTS Google Cloud Tech Blog,https://medium.com/cts-technologies/genai-for-google-workspace-exploring-gemini-api-function-calling-with-google-apps-script-part-3-028785dafe3b,No,"January 9, 2024 3:45 PM",,
The Neuroscience of Mindfulness | HuffPost Life,https://www.huffpost.com/entry/the-neuroscience-of-mindf_b_2908665,No,"January 10, 2024 6:10 PM",,
Gemini-Chatbot-Interface-with-Streamlit/app_chat.py at main · ilhansevval/Gemini-Chatbot-Interface-with-Streamlit,https://github.com/ilhansevval/Gemini-Chatbot-Interface-with-Streamlit/blob/main/app_chat.py,No,"January 13, 2024 5:23 AM",,
B4PT0R/streamlit-mic-recorder: Streamlit component allowing to record audio from the user's microphone and/or perform speech to text easily,https://github.com/B4PT0R/streamlit-mic-recorder,No,"January 14, 2024 10:17 PM",,
openai_whisper/streamlit_whisper.py at main · EnkrateiaLucca/openai_whisper,https://github.com/EnkrateiaLucca/openai_whisper/blob/main/streamlit_whisper.py,No,"January 14, 2024 10:17 PM",,
Add Text-to-Speech to Your Web App with 5 Lines of Python Code | by Pavlo Sydorenko | Medium,https://medium.com/@pavlo_sydorenko/add-text-to-speech-to-your-web-app-with-5-lines-of-python-code-8c4707f2dc93,No,"January 14, 2024 10:20 PM",,
MTA_Bus_Tracker/get_bus_info_pak348.py at master · praveenashokkumar/MTA_Bus_Tracker,https://github.com/praveenashokkumar/MTA_Bus_Tracker/blob/master/get_bus_info_pak348.py,No,"January 19, 2024 10:11 AM",,
"In Praise of Idleness, by Bertrand Russell",https://harpers.org/archive/1932/10/in-praise-of-idleness/,No,"January 21, 2024 9:06 AM",,
Research: Why Breathing Is So Effective at Reducing Stress,https://hbr.org/2020/09/research-why-breathing-is-so-effective-at-reducing-stress?tpcc=orgsocial_edit&utm_campaign=hbr&utm_medium=social&utm_source=twitter,No,"January 21, 2024 8:44 PM",,
LangChain AI Handbook | Pinecone,https://www.pinecone.io/learn/series/langchain/,No,"January 22, 2024 7:03 AM",,
Overview - Chainlit,https://docs.chainlit.io/get-started/overview,No,"January 22, 2024 7:56 AM",,
Big query langchain themlguy-tf/generative-ai: GCP Gen AI Playlist here,https://github.com/themlguy-tf/generative-ai,No,"January 22, 2024 8:07 AM",,
Displaying NYCT station accessibility and elevator,https://new.mta.info/developers/display-elevators-NYCT,No,"January 23, 2024 7:26 AM",,
It's 2 a.m. Do you know where your bus is?,https://new.mta.info/article/its-2-am-do-you-know-where-your-bus,No,"January 23, 2024 7:29 AM",,
MTA NYCT Express Bus Capacity: Beginning 2023 | State of New York,https://data.ny.gov/Transportation/MTA-NYCT-Express-Bus-Capacity-Beginning-2023/4tpr-3bvc/about_data,No,"January 23, 2024 7:29 AM",,
A Few Thoughts on Spending Money · Collab Fund,https://collabfund.com/blog/a-few-thoughts-on-spending-money/,No,"February 1, 2024 7:37 PM",,
"India’s schoolteachers are drafting better lesson plans faster, thanks to a copilot  - Source Asia",https://news.microsoft.com/source/asia/features/indias-schoolteachers-are-drafting-better-lesson-plans-faster-thanks-to-a-copilot/?trk=feed_main-feed-card_reshare_feed-article-content,No,"February 8, 2024 6:27 AM",,
Human-in-the-loop with OpenGPTs and LangGraph,https://blog.langchain.dev/human-in-the-loop-with-opengpts-and-langgraph/,No,"February 9, 2024 5:55 AM",,
"Serving Open Source LLMs on GKE using vLLM framework | by Rick(Rugui) Chen | Google Cloud - Community | Feb, 2024 | Medium",https://medium.com/google-cloud/serving-open-source-llms-on-gke-using-vllm-framework-5e522b3679ee,No,"February 15, 2024 12:41 AM",,
Where is everybody on the subway going?,https://new.mta.info/article/where-everybody-subway-going,No,"February 22, 2024 7:14 PM",,
DSPy programming language for LLM intro.ipynb - Colaboratory,https://colab.research.google.com/github/stanfordnlp/dspy/blob/main/intro.ipynb,No,"March 7, 2024 11:17 AM",,
"With a baby on the way, Mansi Parikh @parikhmansi and Aditya Prasad had big plans for their first garden in 2021 until harsh weather and… | Instagram",https://www.instagram.com/ctglinda/reel/C1uxqedN10P/,No,"March 12, 2024 9:11 PM",,
Mta dataset samples Dodge the crowd,https://new.mta.info/article/dodge-crowd,No,"March 14, 2024 5:56 PM",,
The Terrible Costs of a Phone-Based Childhood - The Atlantic,https://www.theatlantic.com/technology/archive/2024/03/teen-childhood-smartphone-use-mental-health-effects/677722/,No,"March 21, 2024 2:08 PM",,
Extraction | 🦜️🔗 Langchain,https://python.langchain.com/docs/use_cases/extraction/,No,"March 28, 2024 1:50 PM",,
"Vishal Misra on X: ""Video of my talk at MIT on LLMs. I go through the development of how they work step by step from first principles and explain a lot of empirical observations - do not talk about attention/transformers at all and is a fresh perspective on how/why LLMs work https://t.co/opb8YA2qbu"" / X",https://twitter.com/vishalmisra/status/1774034125348901235,No,"March 30, 2024 2:52 PM",,
LangChain: Introduction and Getting Started | Pinecone,https://www.pinecone.io/learn/series/langchain/langchain-intro/,No,"March 31, 2024 7:52 PM",,
The Nothingness of Money,https://moretothat.com/the-nothingness-of-money/,No,"April 2, 2024 10:46 AM",,
GitHub - MrSentinel137/crewai-gemini-pro-vision: AI Agents with Google's Gemini Pro and Gemini Pro Vision Models,https://github.com/MrSentinel137/crewai-gemini-pro-vision,No,"April 3, 2024 9:46 AM",,
LangChain — Custom Functions With OpenAI Functions | by Prince Krampah | Medium,https://medium.com/@princekrampah/langchain-custom-functions-with-openai-functions-90e2deefd707,No,"April 4, 2024 10:12 PM",,
"LangChain Chat with Custom Tools, Functions and Memory | by gil fernandes | Medium",https://medium.com/@gil.fernandes/langchain-chat-with-custom-tools-functions-and-memory-e34daa331aa7,No,"April 4, 2024 10:13 PM",,
Crew AI Crash Course (Step by Step) · Alejandro AO,"https://alejandro-ao.com/crew-ai-crash-course-step-by-step/#:~:text=Define%20the%20goal%20of%20the%20crew,-%23&text=Remember%20that%2C%20when%20building%20applications,us%20prepare%20for%20a%20meeting.",No,"April 4, 2024 10:14 PM",,
CrewAI Unleashed: Future of AI Agent Teams,https://blog.langchain.dev/crewai-unleashed-future-of-ai-agent-teams/,No,"April 4, 2024 10:15 PM",,
How to Use LangChain to Build With LLMs – A Beginner's Guide,https://www.freecodecamp.org/news/beginners-guide-to-langchain/,No,"April 13, 2024 7:25 PM",,
Tool Calling with LangChain,https://blog.langchain.dev/tool-calling-with-langchain/,No,"April 14, 2024 8:58 PM",,
Tool/function calling | 🦜️🔗 LangChain,https://python.langchain.com/docs/modules/model_io/chat/function_calling/,No,"April 14, 2024 8:58 PM",,
Inflation & Dividend-Adjusted Stock Charts | Total Real Returns,https://totalrealreturns.com/#why,No,"April 15, 2024 7:10 AM",,
Introduction to LLM Agents | NVIDIA Technical Blog,https://developer.nvidia.com/blog/introduction-to-llm-agents/,No,"April 20, 2024 9:23 AM",,
Buddhism is Seriously Cool With Science | Buddhism.net,https://buddhism.net/posts/buddhism-for-all/b103-buddhism-is-seriously-cool-with-science/,No,"April 20, 2024 8:23 PM",,
"Yes, Empiricism and Faith Can Play Together | Buddhism.net",https://buddhism.net/posts/buddhism-for-all/b104-yes-empiricism-and-faith-can-play-together/,No,"April 20, 2024 8:23 PM",,
A Secular Religion? Isn’t That Like a Joke? | Buddhism.net,https://buddhism.net/posts/buddhism-for-all/b105-a-secular-religion-isnt-that-like-a-joke/,No,"April 20, 2024 8:23 PM",,
Buddhism Frees You | Buddhism.net,https://buddhism.net/posts/buddhism-for-all/b106-buddhism-frees-you/,Yes,"April 20, 2024 8:23 PM",,
"The Noble Search, Without Google | Buddhism.net",https://buddhism.net/posts/buddhism-for-all/b204-the-noble-search-without-google/,Yes,"April 20, 2024 8:26 PM",,
When Mara Met Siddhattha | Buddhism.net,https://buddhism.net/posts/buddhism-for-all/b205-when-mara-met-siddhattha/,Yes,"April 20, 2024 8:26 PM",,
The Buddha’s Findings: The Middle Way and The Four Noble Truths | Buddhism.net,https://buddhism.net/posts/buddhism-for-all/b206-the-buddhas-findings-four-noble-truths/,Yes,"April 20, 2024 8:26 PM",,
Abbot’s Commentary: How the Buddha’s Story is Useful | Buddhism.net,https://buddhism.net/posts/buddhism-for-all/b207-abbots-commentary-how-the-buddhas-story-is-useful/,Yes,"April 20, 2024 8:26 PM",,
Suffering An Extremely Lucky Birth | Buddhism.net,https://buddhism.net/posts/buddhism-for-all/b301-suffering-an-extremely-lucky-birth/,Yes,"April 20, 2024 8:26 PM",,
Dukkha is Suffering-plus-plus | Buddhism.net,https://buddhism.net/posts/buddhism-for-all/b302-dukkha-is-suffering-plus-plus/,Yes,"April 21, 2024 7:30 AM",,
Five Aggregates | Buddhism.net,https://buddhism.net/posts/buddhism-for-all/b303-five-aggregates/,Yes,"April 21, 2024 7:31 AM",,
Where Do You Draw the Line on the Aggregates? | Buddhism.net,https://buddhism.net/posts/buddhism-for-all/b304-where-do-you-draw-the-line-on-the-aggregates/,Yes,"April 21, 2024 7:31 AM",,
Clinging Onto Aggregates is Like Grabbing Hold of Water | Buddhism.net,https://buddhism.net/posts/buddhism-for-all/b305-clinging-onto-aggregates-is-like-grabbing-hold-of-water/,Yes,"April 21, 2024 7:31 AM",,
"Life is Not All Suffering, and That is a Problem | Buddhism.net",https://buddhism.net/posts/buddhism-for-all/b306-life-is-not-all-suffering-and-that-is-a-problem/,Yes,"April 21, 2024 7:31 AM",,
Turns Out You Didn’t Have to Order the Self-Destruct Option | Buddhism.net,https://buddhism.net/posts/buddhism-for-all/b307-turns-out-you-didnt-have-to-order-the-self-destruct-option/,Yes,"April 21, 2024 7:32 AM",,
"Body-Based Productivity, Vision as a Productivity Tool, Running without Earphones",https://www.stretch-letter.com/p/bodybased-productivity-vision-focus-tool,Yes,"April 24, 2024 1:10 PM",,
How well do you know your autonomic nervous system?,https://www.stretch-letter.com/p/well-know-autonomic-nervous-system,Yes,"April 24, 2024 5:32 PM",,
Abbot’s Commentary: Suffering is Not Inherent | Buddhism.net,https://buddhism.net/posts/buddhism-for-all/b308-abbots-commentary-suffering-is-not-inherent/,Yes,"April 24, 2024 6:47 PM",,
How to Stop a Bomb | Buddhism.net,https://buddhism.net/posts/buddhism-for-all/b401-how-to-stop-a-bomb/,Yes,"April 24, 2024 6:47 PM",,
Where Suffering Stops Being About Religion and Starts Being About Cause and Effect | Buddhism.net,https://buddhism.net/posts/buddhism-for-all/b402-where-suffering-stops-being-about-religion-and-starts-being-about-cause-and-effect/,Yes,"April 24, 2024 6:47 PM",,
Craving for Sensual Pleasure | Buddhism.net,https://buddhism.net/posts/buddhism-for-all/b403-craving-for-sensual-pleasure/,Yes,"April 24, 2024 6:47 PM",,
Craving for Existence and Non-Existence | Buddhism.net,https://buddhism.net/posts/buddhism-for-all/b404-craving-for-existence-and-non-existence/,Yes,"April 24, 2024 6:47 PM",,
"Not Mine, Not I, Not My Self | Buddhism.net",https://buddhism.net/posts/buddhism-for-all/b405-not-mine-not-i-not-my-self/,Yes,"April 24, 2024 6:47 PM",,
You Already Have Gold in that Ball of Dung | Buddhism.net,https://buddhism.net/posts/buddhism-for-all/b406-you-already-have-gold-in-that-ball-of-dung/,Yes,"April 24, 2024 6:48 PM",,
"Centenarian Decathlon ",https://twitter.com/bensmithlive/status/1787785445473947921,Yes,"May 7, 2024 1:25 PM",,
"The insula: an underestimated brain area in clinical neuroscience, psychiatry, and neurology - PMC",https://www.ncbi.nlm.nih.gov/pmc/articles/PMC5538352/,Yes,"May 7, 2024 6:35 PM",,
"Dan Harris on X: ""This stretch changed my life. Overused term, but true nonetheless. I would estimate a 60% reduction in lower back pain. But you have to do 8-30 mins per side, so being reading material. https://t.co/vaUryYd3c7"" / X",https://x.com/danbharris/status/1792554911240012180,Yes,"May 20, 2024 10:31 AM",,
Supervision - Vision AI,https://supervision.roboflow.com/latest/#quickstart,Yes,"June 14, 2024 6:28 PM",,
Learn RAG with Langchain 🦜⛓️‍💥 — Ragatouille,https://www.sakunaharinda.xyz/ragatouille-book/intro.html,Yes,"July 1, 2024 5:08 PM",,
ICMR guidelines for nutrition for indians,https://main.icmr.nic.in/sites/default/files/upload_documents/DGI_07th_May_2024_fin.pdf,Yes,"July 2, 2024 7:06 PM",,
"From Zero to Hero: Building LLM Chains and Agents with Google DeepMind’s OneTwo OpenSource Toolkit. | by Olejniczak Lukasz | Jul, 2024 | AI Advances",https://ai.gopubby.com/from-zero-to-hero-building-llm-chains-and-agents-with-google-deepminds-onetwo-opensource-toolkit-7d7b5cb6c8b7,Yes,"August 13, 2024 8:04 PM",,
Give your ideas some legs: the positive effect of walking on creative thinking - PubMed,https://pubmed.ncbi.nlm.nih.gov/24749966/,Yes,"August 17, 2024 11:16 AM",,
cookbook/quickstarts/Function_calling.ipynb at main · google-gemini/cookbook · GitHub,https://github.com/google-gemini/cookbook/blob/main/quickstarts/Function_calling.ipynb,Yes,"August 21, 2024 7:06 AM",,
From 21kms to 6packs in 5 months - ankur Warikoo Official Website,https://ankurwarikoo.com/from-21kms-to-6packs-in-5-months/,Yes,"August 28, 2024 8:49 PM",,
Advanced RAG with Gemma and LangChain,https://www.kaggle.com/code/habibadoum/advanced-rag-with-gemma-and-langchain,Yes,"August 30, 2024 11:19 AM",,
Advanced RAG Techniques: an Illustrated Overview | by IVAN ILIN | Towards AI,https://pub.towardsai.net/advanced-rag-techniques-an-illustrated-overview-04d193d8fec6,No,"August 30, 2024 11:19 AM",,
FoodData Central,https://fdc.nal.usda.gov/fdc-app.html#/food-details/748967/nutrients,No,"September 2, 2024 8:59 AM",,
"Multimodel search using NLP, BigQuery and embeddings | Google Cloud Blog",https://cloud.google.com/blog/products/data-analytics/multimodel-search-using-nlp-bigquery-and-embeddings,Yes,"September 4, 2024 6:51 AM",,
Gemini in BigQuery features are now GA | Google Cloud Blog,https://cloud.google.com/blog/products/data-analytics/gemini-in-bigquery-features-are-now-ga,Yes,"September 4, 2024 6:18 PM",,
Integrating BigQuery with Anthropic’s Claude | Google Cloud Blog,https://cloud.google.com/blog/products/data-analytics/integrating-bigquery-with-anthropics-claude,Yes,"September 4, 2024 6:18 PM",,
Zwift Workout editor,https://nene.github.io/workout-editor/,Yes,"September 5, 2024 1:39 PM",,
15-Minute Dumbbell Arm Workout for Bigger Biceps and Triceps,https://www.menshealth.com/uk/building-muscle/g752112/upper-body-arm-workout/,Yes,"September 7, 2024 11:19 AM",,
Generate structured output with the Gemini API  |  Google AI for Developers,https://ai.google.dev/gemini-api/docs/structured-output?lang=python,Yes,"September 10, 2024 11:22 AM",,
NotebookLM now lets you listen to a conversation about your sources,https://blog.google/technology/ai/notebooklm-audio-overviews/,Yes,"September 11, 2024 2:16 PM",,
Council Post: Escaping The Prison Of Your Paycheck: How To Find Freedom And Fulfillment,https://www.forbes.com/councils/forbescoachescouncil/2024/05/29/escaping-the-prison-of-your-paycheck-how-to-find-freedom-and-fulfillment/,Yes,"September 11, 2024 5:57 PM",,
The Many Worlds of Enough,https://moretothat.com/the-many-worlds-of-enough/,Yes,"September 16, 2024 7:23 AM",,
Ollama setup,https://www.linkedin.com/feed/update/urn:li:activity:7241338694513627136,Yes,"September 16, 2024 7:30 AM",,
GitHub - GoogleCloudPlatform/Open_Data_QnA: The Open Data QnA python library enables you to chat with your databases by leveraging LLM Agents on Google Cloud. Open Data QnA enables a conversational approach to interacting with your data.,https://github.com/GoogleCloudPlatform/Open_Data_QnA?trk=feed_main-feed-card_feed-article-content,Yes,"September 18, 2024 9:00 AM",,
Practical Deep Learning for Coders - 1: Getting started,https://course.fast.ai/Lessons/lesson1.html,Yes,"September 23, 2024 10:02 PM",,
How to keep sneakers white – Jess Keys,https://jesskeys.com/how-to-keep-sneakers-white/,No,"October 11, 2024 11:01 PM",,
Slow Breathing—breathe less for more focus and less stress,https://www.stretch-letter.com/p/slow-breathing-breathe-less-for-more-focus-and-less-stress?_bhlid=165994ab4be13ca8c7b4729541d9014d9abbafb5&utm_campaign=slow-breathing-breathe-less-for-more-focus-and-less-stress&utm_medium=newsletter&utm_source=www.stretch-letter.com,No,"October 13, 2024 11:37 AM",,
Zone 2 .....A Comprehensive Look,https://evokeendurance.com/zone-2-a-comprehensive-look/,Yes,"October 15, 2024 7:18 AM",,
"*very good* Understanding LLMs from scratch using middle school math | by Rohit Patel | Oct, 2024 | Medium",https://rohit-patel.medium.com/understanding-llms-from-scratch-using-middle-school-math-e602d27ec876,Yes,"October 20, 2024 7:45 PM",,
"Very cool compilation of LLM GenAI resources ",https://www.linkedin.com/feed/update/urn:li:activity:7253724104619438080,Yes,"October 20, 2024 7:49 PM",,
Transformer Explainer: LLM Transformer Model Visually Explained,https://poloclub.github.io/transformer-explainer/,Yes,"October 20, 2024 7:51 PM",,
"I’m a huge fan of Claude’s Artifacts feature, which lets you prompt Claude to create an interactive Single Page App (using HTML, CSS and JavaScript) and then vi…
",https://search.app/hAvtbGBLjGHWXa1o9,Yes,"October 21, 2024 10:00 PM",,
Constant craving: how digital media turned us all into dopamine addicts | Life and style | The Guardian,https://www.theguardian.com/global/2021/aug/22/how-digital-media-turned-us-all-into-dopamine-addicts-and-what-we-can-do-to-break-the-cycle,Yes,"October 24, 2024 4:20 PM",,
generative-ai/gemini/use-cases/education/ai_quick_build_experience_backend.ipynb at main · GoogleCloudPlatform/generative-ai · GitHub,https://github.com/GoogleCloudPlatform/generative-ai/blob/main/gemini/use-cases/education/ai_quick_build_experience_backend.ipynb?trk=feed-detail_comments-list_comment-text,Yes,"October 29, 2024 7:32 AM",,
"What is Firebase? The complete story, abridged. | by Doug Stevenson | Firebase Developers | Medium",https://medium.com/firebase-developers/what-is-firebase-the-complete-story-abridged-bcc730c5f2c0,Yes,"November 5, 2024 3:06 PM",,
Strength Training & Cardio – Puru The Guru,https://purutheguru.me/2024/10/31/strength-training-cardio/,Yes,"November 10, 2024 8:11 AM",,
High Octane Fuel to 110 – Puru The Guru,https://purutheguru.me/2020/06/24/high-octane-fuel-to-110/,Yes,"November 10, 2024 8:12 AM",,
Timing is Everything – Even with your Food – Puru The Guru,https://purutheguru.me/2016/06/15/timing-is-everything-even-with-your-food/,Yes,"November 10, 2024 8:13 AM",,
Github-Ranking/Top100/Python.md at master · EvanLi/Github-Ranking · GitHub,https://github.com/EvanLi/Github-Ranking/blob/master/Top100/Python.md,Yes,"November 12, 2024 2:59 PM",,
Tools Simon AI,https://simonwillison.net/dashboard/tools/,Yes,"November 12, 2024 7:22 PM",,
lmarena-ai/chatbot-arena-leaderboard at main,https://huggingface.co/spaces/lmarena-ai/chatbot-arena-leaderboard/tree/main,Yes,"November 12, 2024 8:23 PM",,
ReAct agents vs function calling agents,https://www.leewayhertz.com/react-agents-vs-function-calling-agents/,Yes,"November 14, 2024 8:40 PM",,
Dr K's guide Obsidian Integral Guide - The Integral Guide to Well-Being,https://integralguide.com/Integral-Guide-How-To,Yes,"November 20, 2024 2:15 PM",,
🕯️ Mindful Moments - The Integral Guide to Well-Being,https://integralguide.com/Mindful-Moments,Yes,"November 20, 2024 2:17 PM",,
** Reminder to keep creating ** The Gap by Ira Glass - YouTube,https://www.youtube.com/watch?v=nfA9OH6dAQ8,Yes,"November 29, 2024 7:19 PM",,
How I Built a Learning Machine - DEV Community,https://dev.to/jbranchaud/how-i-built-a-learning-machine-45k9,Yes,"November 29, 2024 7:29 PM",,
A Simple 2021 Reboot — My Short Letter to a Friend Who Wants to Get In Shape - The Blog of Author Tim Ferriss,https://tim.blog/2021/01/19/2021-reboot-letter-to-a-friend-who-wants-to-get-in-shape/,Yes,"January 4, 2025 4:50 AM",,
Understanding neural networks,,Yes,"January 6, 2025 6:10 AM",,
"LangChain, Gemini & MongoDB Chatbot Guide",https://cckeh.hashnode.dev/building-chatbots-with-memory-capabilities-a-comprehensive-tutorial-with-langchain-langgraph-gemini-ai-and-mongodb,Yes,"January 20, 2025 11:21 AM",,
Google Cloud AutoML Tables can help you do weeks of work in just days - YouTube,https://www.youtube.com/watch?v=yPVc797kMyM,Yes,"January 21, 2025 2:26 PM",,
Object-Detection-using-Gemini/Object_Detection_Gemini.ipynb at main · NSTiwari/Object-Detection-using-Gemini · GitHub,https://github.com/NSTiwari/Object-Detection-using-Gemini/blob/main/Object_Detection_Gemini.ipynb,Yes,"January 21, 2025 10:28 PM",,
"GitHub - microsoft/generative-ai-for-beginners: 21 Lessons, Get Started Building with Generative AI 🔗 https://microsoft.github.io/generative-ai-for-beginners/",https://github.com/microsoft/generative-ai-for-beginners,Yes,"January 25, 2025 7:46 AM",,
"Hey Ollama, how about running on Vertex AI? | by Ivan Nardini | Google Cloud - Community | Jan, 2025 | Medium",https://medium.com/google-cloud/hey-ollama-how-about-running-on-vertex-ai-03cded7bfd0b,Yes,"January 26, 2025 7:17 AM",,
generative-ai/open-models/serving/vertex_ai_ollama_gemma2_rag_agent.ipynb at main · GoogleCloudPlatform/generative-ai · GitHub,https://github.com/GoogleCloudPlatform/generative-ai/blob/main/open-models/serving/vertex_ai_ollama_gemma2_rag_agent.ipynb,Yes,"January 26, 2025 7:17 AM",,
Agents - PydanticAI,https://ai.pydantic.dev/agents/,Yes,"January 26, 2025 7:17 AM",,
Diving into GCP’s BigQuery ML & AutoML Tables with Covid19 Big Data | by Thomas Jaensch | Medium,https://medium.com/@tebugging/diving-into-gcps-bigquery-ml-automl-tables-with-covid19-big-data-3208b2a0d702,Yes,"January 26, 2025 8:34 AM",,
Really cool collection of UI components awesome-shadcn-ui,https://awesome-shadcn-ui.vercel.app/,Yes,"February 12, 2025 6:39 AM",,
birobirobiro/awesome-shadcn-ui: A curated list of awesome things related to shadcn/ui.,https://github.com/birobirobiro/awesome-shadcn-ui,Yes,"February 12, 2025 6:40 AM",,
How citymeetings.nyc uses AI to make it easy to navigate city council meetings | Vikram Oberoi,https://vikramoberoi.com/posts/how-citymeetings-nyc-uses-ai-to-make-it-easy-to-navigate-city-council-meetings/,Yes,"February 25, 2025 4:24 PM",,
fastrtc (FastRTC),https://huggingface.co/fastrtc,Yes,"February 27, 2025 5:22 AM",,
"Building a Real-Time Video Chat with Gemini 2.0, Gradio, and WebRTC 👀👂",https://huggingface.co/blog/freddyaboulton/realtime-video-chat-with-gradio-webrtc,Yes,"February 27, 2025 5:44 AM",,
pipecat-ai/gemini-webrtc-web-simple: Gemini Multimodal Live + WebRTC in a single `app.ts`,https://github.com/pipecat-ai/gemini-webrtc-web-simple,Yes,"February 27, 2025 5:46 AM",,
Building a AI Podcast Generator Inspired by Google’s NotebookLM and Illuminate | by Sascha Heyer | Google Cloud - Community | Medium,https://medium.com/google-cloud/building-a-dynamic-podcast-generator-inspired-by-googles-notebooklm-and-illuminate-e585cfcd0af1,Yes,"March 2, 2025 9:45 AM",,
AI resource,https://www.linkedin.com/feed/update/urn:li:activity:7302380629327781888,Yes,"March 3, 2025 10:31 PM",,
"NirDiamant/GenAI_Agents: This repository provides tutorials and implementations for various Generative AI Agent techniques, from basic to advanced. It serves as a comprehensive guide for building intelligent, interactive AI systems.",https://github.com/NirDiamant/GenAI_Agents?tab=readme-ov-file,Yes,"March 3, 2025 10:32 PM",,
break-into-data/ai-engineer-toolkit: Projects & Resources to help you become a better AI Developer.,https://github.com/break-into-data/ai-engineer-toolkit,Yes,"March 3, 2025 10:34 PM",,
awesome-generative-ai-guide/interview_prep/60_gen_ai_questions.md at main · aishwaryanr/awesome-generative-ai-guide,https://github.com/aishwaryanr/awesome-generative-ai-guide/blob/main/interview_prep/60_gen_ai_questions.md,Yes,"March 3, 2025 10:36 PM",,
krishnaik06/Roadmap-To-Learn-Generative-AI-In-2024,https://github.com/krishnaik06/Roadmap-To-Learn-Generative-AI-In-2024,Yes,"March 3, 2025 10:38 PM",,
"How to use Anthropic MCP Server with open LLMs, OpenAI or Google Gemini",https://www.philschmid.de/mcp-example-llama?utm_source=chatgpt.com,Yes,"March 10, 2025 11:03 PM",,
Procreate hand drawn effect for presentations and videos https://youtube.com/watch?v=HlFpC4-F5QM&si=0sYgNy1tv_mUYZIR,,Yes,"March 26, 2025 8:10 AM",,
Pocketflow - VIBE CODE an AI Paul Graham! Here's My Secret Framework… - YouTube,https://www.youtube.com/watch?v=Cf38Bi8U0Js&t=74s,Yes,"March 26, 2025 8:09 PM",,
Good Frontend prompt - Claude Designer is insane...Ultimate vibe coding UI workflow - YouTube,https://www.youtube.com/watch?v=PLbwB5_HIdc,Yes,"March 26, 2025 8:12 PM",,
"GitHub - NirDiamant/GenAI_Agents: This repository provides tutorials and implementations for various Generative AI Agent techniques, from basic to advanced. It serves as a comprehensive guide for building intelligent, interactive AI systems.",https://github.com/NirDiamant/GenAI_Agents,Yes,"March 28, 2025 6:46 AM",,
gemini-samples/examples/gemini-mcp-example.ipynb at main · philschmid/gemini-samples,https://github.com/philschmid/gemini-samples/blob/main/examples/gemini-mcp-example.ipynb,Yes,"March 30, 2025 8:49 AM",,
Voice Chat to Slides: My New AI-Powered Workflow - S Anand,https://www.s-anand.net/blog/voice-chat-to-slides-my-new-ai-powered-workflow/,Yes,"March 31, 2025 10:45 AM",,
Frequently Asked Questions about My Writing Process,https://eugeneyan.com/writing/writing-faq/,Yes,"April 2, 2025 10:17 AM",,
Multimodal Live API  |  Generative AI  |  Google Cloud,https://cloud.google.com/vertex-ai/generative-ai/docs/model-reference/multimodal-live#capabilities,Yes,"April 3, 2025 7:31 PM",,
Talk with Azure using MCP,https://github.com/jdubois/azure-cli-mcp,Yes,"April 4, 2025 6:54 AM",,
Too much efficiency makes everything worse: overfitting and the strong version of Goodhart’s law | Jascha’s blog,http://sohl-dickstein.github.io/2022/11/06/strong-Goodhart.html,Yes,"April 7, 2025 7:45 AM",,
Digital hygiene | karpathy,https://karpathy.bearblog.dev/digital-hygiene/,Yes,"April 7, 2025 7:49 AM",,
Gemini by example,https://geminibyexample.com/,Yes,"April 13, 2025 6:35 PM",,
Building A LinkedIn Content Creation Agency Using Google’s Agent Development Kit,https://intoai.pub/p/building-a-linkedin-content-creation,Yes,"April 18, 2025 6:27 PM",,
Aman's AI Journal • Primers • Ilya Sutskever's Top 30,https://aman.ai/primers/ai/top-30-papers/,Yes,"May 4, 2025 6:29 PM",,
Very good article - Development Kit,https://google.github.io/adk-docs/tutorials/agent-team/#conclusion-your-agent-team-is-ready,Yes,"May 8, 2025 7:42 PM",,
GitHub - mlabonne/llm-course: Course to get into Large Language Models (LLMs) with roadmaps and Colab notebooks.,https://github.com/mlabonne/llm-course,Yes,"May 12, 2025 3:24 PM",,
"Google ADK + Vertex AI Live API. Going Beyond the ADK CLI by Building… | by Sascha Heyer | Google Cloud - Community | May, 2025 | Medium",https://medium.com/google-cloud/google-adk-vertex-ai-live-api-125238982d5e,Yes,"May 16, 2025 6:44 AM",,
Use Google ADK and MCP with an external server | Google Cloud Blog,https://cloud.google.com/blog/topics/developers-practitioners/use-google-adk-and-mcp-with-an-external-server,Yes,"May 16, 2025 12:15 PM",,
Acetylcholine: the chemical of focus & precision,https://www.stretch-letter.com/p/acetylcholine-the-chemical-of-focus-precision,Yes,"May 23, 2025 12:45 PM",,
GitHub - google-gemini/gemini-fullstack-langgraph-quickstart: Get started with building Fullstack Agents using Gemini 2.5 and LangGraph,https://github.com/google-gemini/gemini-fullstack-langgraph-quickstart,Yes,"June 6, 2025 8:28 PM",,
Four Thousand Weeks,https://fev.al/posts/four-thousand-weeks/,Yes,"June 17, 2025 11:27 AM",,
Use A Work Journal To Recover Focus Faster And Clarify Your Thoughts,https://fev.al/posts/work-journal/,Yes,"June 17, 2025 11:28 AM",,
How to Get Stronger by Greasing the Groove | The Art of Manliness,https://www.artofmanliness.com/health-fitness/fitness/get-stronger-by-greasing-the-groove/,Yes,"June 23, 2025 6:27 PM",,
Built-in tools - Agent Development Kit,https://google.github.io/adk-docs/tools/built-in-tools/,Yes,"June 28, 2025 8:50 AM",,
"Anthony DeMello ""Awareness"" video clip Rediscovery of Life - Awareness by Anthony DeMello is a favorite book of Tim Ferriss, who has mentioned it quite often on his extremely popular podcast. (also by Eckhart Tolle and Naval Ravikant) : r/timferriss",https://www.reddit.com/r/timferriss/comments/1lixjw6/anthony_demello_awareness_video_clip_rediscovery/,Yes,"July 7, 2025 8:26 AM",,
How to Add a Tool to Your ADK Agent,https://wietsevenema.eu/blog/2025/adding-a-tool-to-your-adk-agent/,Yes,"July 14, 2025 1:49 PM",,
"Simplify your Agent ""vibe building"" flow with ADK and Gemini CLI - Google Developers Blog",https://developers.googleblog.com/en/simplify-agent-building-adk-gemini-cli/?trk=feed_main-feed-card_feed-article-content,Yes,"July 17, 2025 8:02 AM",,
What is Digital Dementia and How to Overcome It | Amen Clinics Amen Clinics,"https://www.amenclinics.com/blog/what-is-digital-dementia-and-how-to-overcome-it/#:~:text=Simply%20put%2C%20digital%20dementia%20describes,span%20that%20define%20digital%20dementia.",Yes,"July 30, 2025 5:42 PM",,
A personal health large language model for sleep and fitness coaching | Nature Medicine,https://www.nature.com/articles/s41591-025-03888-0,Yes,"August 14, 2025 4:54 PM",,
101 real-world gen AI use cases with technical blueprints | Google Cloud Blog,https://cloud.google.com/blog/products/ai-machine-learning/real-world-gen-ai-use-cases-with-technical-blueprints,Yes,"August 28, 2025 7:30 PM",,
Highly recommend practical - Practical Deep Learning for Coders - Practical Deep Learning,https://course.fast.ai/,Yes,"September 6, 2025 7:52 PM",,
GitHub - github/spec-kit: 💫 Toolkit to help you get started with Spec-Driven Development,https://github.com/github/spec-kit?tab=readme-ov-file#-detailed-process,Yes,"September 12, 2025 6:21 AM",,
Stepping Out | The New Yorker,https://www.newyorker.com/magazine/2014/06/30/stepping-out-3,Yes,"September 16, 2025 6:33 AM",,
"Build a Gemini Full-Stack Research Agent with Agent Development Kit | by Debi Cabrera - Googler | Google Cloud - Community | Sep, 2025 | Medium",https://medium.com/google-cloud/build-a-gemini-full-stack-research-agent-with-agent-development-kit-11192e8e9165,Yes,"September 17, 2025 6:37 PM",,
Tools Make an Agent: From Zero to Assistant with ADK | Google Cloud Blog,https://cloud.google.com/blog/topics/developers-practitioners/tools-make-an-agent-from-zero-to-assistant-with-adk,No,"September 18, 2025 6:43 AM",,